customer_id,organization_id,converted_to_paid,outcome,trial_start,trial_end,trial_duration_days,trial_subscription_id,hours_to_first_report,hours_to_first_execution,hours_to_first_sql_connection,hours_to_first_schedule,activated_day1,activated_day2,activated_week1,reports_created,reports_week1,reports_week2,blocks_created,unique_block_types,executions_total,executions_week1,executions_week2,executions_success,executions_failed,execution_growth_rate,execution_success_rate,avg_execution_duration,has_sql_block,has_plotly_block,has_kpi_block,has_table_block,has_slack_block,has_email_block,has_tableau_block,has_api_block,has_storage_block,has_parameters,has_control_flow,sql_blocks_count,viz_blocks_count,sql_connections_count,unique_db_types_count,has_bigquery,has_snowflake,has_redshift,has_postgres,has_clickhouse,integrations_count,has_slack_integration,has_tableau_integration,schedules_created,schedules_active,created_schedule,users_invited,workspaces_created,active_users_count,team_engagement_rate,is_generic_email,accepted_terms,trial_start_hour,trial_start_day_of_week,trial_start_is_weekend,trial_start_is_business_hours
75aa504256b37dec,9034a44fc85ff564,1,CONVERTED,2025-12-29 17:23:40,2025-12-29 19:15:54,0.0,542e7cd00e05fc0a,999.0,999.0,999.0,999.0,0,0,0,0,0,0,0,0,0,0,0,0,0,,0.0,0.0,0,0,0,0,0,0,0,0,0,0,0,0,0,0,0,0,0,0,0,0,0,0,0,0,0,0,3,0,0,0.0,1,1,17.0,1.0,0,1
e422cd10452279a8,506d1f604822aa95,0,CHURNED,2025-12-02 21:02:33,2025-12-16 21:02:33,14.0,7302c7eea43ee602,47.88109077083333,0.0009760022222222,999.0,47.881475925,1,1,1,1,1,0,8,4,1439,726,713,1438,1,-0.0179063360881542,0.9993050729673384,10.327325123783032,1,0,0,0,1,0,1,0,0,0,0,1,0,0,0,0,0,0,0,0,0,0,0,1,0,1,0,0,0,0.0,1,1,21.0,2.0,0,0
ee67dd1f319a0820,896834060dcbc29a,0,CHURNED,2025-11-18 04:15:02,2025-12-02 04:15:02,14.0,c4531ee9671e27c6,16.287688231944443,0.8065583697222222,999.0,16.28788033611111,1,1,1,3,2,1,6,2,1422,711,711,1404,18,0.0,0.9873417721518988,13.565810514957263,0,0,0,0,1,0,1,0,0,0,0,0,0,0,0,0,0,0,0,0,0,0,0,3,0,1,1,0,0,0.0,0,1,4.0,2.0,0,0
c94001bf4f173db9,2e455d37ec3ef75d,0,CHURNED,2025-10-31 06:56:30,2025-11-14 06:56:30,14.0,377a3d6adaca5e8b,999.0,999.0,999.0,999.0,0,0,0,0,0,0,0,0,0,0,0,0,0,,0.0,0.0,0,0,0,0,0,0,0,0,0,0,0,0,0,0,0,0,0,0,0,0,0,0,0,0,0,0,0,0,0,0.0,1,0,6.0,5.0,0,0
ae4c377c05f328a0,24b80d1053224fd8,0,CHURNED,2025-10-21 19:35:21,2025-11-04 18:35:21,13.0,d972c41e08c7a510,999.0,999.0,999.0,999.0,0,0,0,0,0,0,0,0,0,0,0,0,0,,0.0,0.0,0,0,0,0,0,0,0,0,0,0,0,0,0,0,0,0,0,0,0,0,0,0,0,0,0,0,0,0,0,0.0,0,0,19.0,2.0,0,0
5876a8cd64fca2bb,0e44bbdcceac3588,0,CHURNED,2025-10-02 04:09:27,2025-10-16 04:09:27,14.0,c7096539e154b0b7,999.0,999.0,999.0,999.0,0,0,0,0,0,0,0,0,0,0,0,0,0,,0.0,0.0,0,0,0,0,0,0,0,0,0,0,0,0,0,0,0,0,0,0,0,0,0,0,0,0,0,0,0,0,0,0.0,1,0,4.0,4.0,0,0
4038680bd1c46937,652fe2bacc71bb91,0,CHURNED,2025-09-18 09:03:13,2025-10-02 09:03:13,14.0,8360ddc9bd9ef638,999.0,999.0,999.0,999.0,0,0,0,0,0,0,0,0,0,0,0,0,0,,0.0,0.0,0,0,0,0,0,0,0,0,0,0,0,0,0,0,0,0,0,0,0,0,0,0,0,0,0,0,0,0,0,0.0,1,1,9.0,4.0,0,1
f145b7ad25f3ff31,56c81061883c6e79,0,CHURNED,2025-09-14 21:27:53,2025-09-28 21:27:53,14.0,a2574cb559245c3a,999.0,999.0,999.0,999.0,0,0,0,0,0,0,0,0,0,0,0,0,0,,0.0,0.0,0,0,0,0,0,0,0,0,0,0,0,0,0,0,0,0,0,0,0,0,0,0,0,0,0,0,0,0,0,0.0,1,0,21.0,0.0,1,0
3ed2b64f88bae0f6,90f8290de21b1772,0,CHURNED,2025-09-08 12:06:39,2025-09-22 12:06:39,14.0,cddb2acef6a28a58,999.0,999.0,999.0,999.0,0,0,0,0,0,0,0,0,0,0,0,0,0,,0.0,0.0,0,0,0,0,0,0,0,0,0,0,0,0,0,0,0,0,0,0,0,0,0,0,0,0,0,0,0,0,0,0.0,1,0,12.0,1.0,0,1
0c91e6fea07fea3f,1a6614ddc02b01b8,0,CHURNED,2025-08-18 15:01:28,2025-09-01 15:01:28,14.0,1754483c02fb4590,999.0,999.0,999.0,999.0,0,0,0,0,0,0,0,0,0,0,0,0,0,,0.0,0.0,0,0,0,0,0,0,0,0,0,0,0,0,0,0,0,0,0,0,0,0,0,0,0,0,0,0,0,0,0,0.0,1,0,15.0,1.0,0,1
d8be8300d1b880e3,0a017da48d452f84,0,CHURNED,2025-08-13 09:16:40,2025-08-27 09:16:40,14.0,5b162a0083e002a0,999.0,0.0084611011111111,999.0,999.0,1,1,1,0,0,0,0,0,5,5,0,5,0,-1.0,1.0,4.7639286,0,0,0,0,0,0,0,0,0,0,0,0,0,0,0,0,0,0,0,0,0,0,0,0,0,0,0,0,0,0.0,1,1,9.0,3.0,0,1
feb61da26f80b6b3,ae8628fa7f1cb1ac,0,CHURNED,2025-08-04 08:35:30,2025-08-18 08:35:30,14.0,20051e6d78c33b2b,999.0,0.3606597952777777,999.0,999.0,1,1,1,0,0,0,0,0,47,36,11,23,24,-0.6944444444444444,0.4893617021276595,1.392222,0,0,0,0,0,0,0,0,0,0,0,0,0,0,0,0,0,0,0,0,0,0,0,0,0,0,0,0,0,0.0,1,1,8.0,1.0,0,0
142acb5d2c8255c8,668a99a8a81a9fbf,0,CHURNED,2025-07-07 22:35:26,2025-07-21 22:35:26,14.0,2eef13be0d95f93d,999.0,999.0,999.0,999.0,0,0,0,0,0,0,0,0,0,0,0,0,0,,0.0,0.0,0,0,0,0,0,0,0,0,0,0,0,0,0,0,0,0,0,0,0,0,0,0,0,0,0,0,0,0,0,0.0,1,0,22.0,1.0,0,0
6c7a312d6d100e7c,83707abe962212f6,0,CHURNED,2025-06-26 08:48:57,2025-07-10 08:48:57,14.0,dfe124988b1e2fe0,999.0,999.0,999.0,999.0,0,0,0,0,0,0,0,0,0,0,0,0,0,,0.0,0.0,0,0,0,0,0,0,0,0,0,0,0,0,0,0,0,0,0,0,0,0,0,0,0,0,0,0,0,0,0,0.0,1,0,8.0,4.0,0,0
a7ed6237b7db1240,448588eb2f530f0e,0,CHURNED,2025-06-24 22:32:26,2025-07-08 22:32:26,14.0,ee3d90892344d1c5,999.0,26.358022447777778,999.0,999.0,0,1,1,0,0,0,3,3,1,1,0,1,0,-1.0,1.0,1.145599,1,0,1,0,0,0,1,0,0,0,0,1,1,0,0,0,0,0,0,0,0,0,0,0,0,0,0,0,0,0.0,1,0,22.0,2.0,0,0
b6c6a73e1cb7550d,825678bc93477f5b,0,CHURNED,2025-06-16 18:57:57,2025-06-30 18:57:57,14.0,368712bcc5773862,999.0,999.0,999.0,999.0,0,0,0,0,0,0,0,0,0,0,0,0,0,,0.0,0.0,0,0,0,0,0,0,0,0,0,0,0,0,0,0,0,0,0,0,0,0,0,0,0,0,0,0,0,0,0,0.0,1,0,18.0,1.0,0,0
dfa975722c4809c9,5dd86a10b37d1196,0,CHURNED,2025-05-25 01:09:09,2025-06-08 01:09:09,14.0,5bf55eabfa8c9971,999.0,999.0,999.0,999.0,0,0,0,0,0,0,0,0,0,0,0,0,0,,0.0,0.0,0,0,0,0,0,0,0,0,0,0,0,0,0,0,0,0,0,0,0,0,0,0,0,0,0,0,0,0,0,0.0,0,0,1.0,0.0,1,0
672b85ae2131a7f1,99d5004dd2e4eff8,0,CHURNED,2025-05-22 16:30:39,2025-06-05 16:30:39,14.0,47d803772efaa48c,999.0,999.0,999.0,999.0,0,0,0,0,0,0,0,0,0,0,0,0,0,,0.0,0.0,0,0,0,0,0,0,0,0,0,0,0,0,0,0,0,0,0,0,0,0,0,0,0,0,0,0,0,0,0,0.0,0,1,16.0,4.0,0,1
d0dedf11fafa4973,5bb970de3c07247d,1,CONVERTED,2025-05-20 16:07:35,2025-06-03 16:07:35,14.0,bf45749c2dc08f4c,2.7689682552777777,0.0601461708333333,999.0,2.7691725030555556,1,1,1,2,2,0,27,12,90,90,0,58,32,-1.0,0.6444444444444445,11.020767362068966,1,0,1,0,1,0,1,1,0,1,1,5,1,0,0,0,0,0,0,0,1,0,0,3,0,1,6,0,1,0.1428571428571428,0,0,16.0,2.0,0,1
80f190de779eaf74,253fefef045248a4,0,CHURNED,2025-05-15 12:42:50,2025-05-29 12:42:50,14.0,d45f84792bc512a4,999.0,999.0,999.0,999.0,0,0,0,0,0,0,1,1,0,0,0,0,0,,0.0,0.0,0,0,0,0,0,0,1,0,0,0,0,0,0,0,0,0,0,0,0,0,0,0,0,0,0,0,0,0,0,0.0,0,0,12.0,4.0,0,1
5dd49bccd73060fb,26fe228bd9c2bb13,0,CHURNED,2025-05-13 17:38:41,2025-05-27 17:38:41,14.0,97c22e4438bc8d72,999.0,999.0,999.0,999.0,0,0,0,0,0,0,0,0,0,0,0,0,0,,0.0,0.0,0,0,0,0,0,0,0,0,0,0,0,0,0,0,0,0,0,0,0,0,0,0,0,0,0,0,1,0,0,0.0,0,1,17.0,2.0,0,1
f82b248b15a828c1,e5fc2feb1a04dd52,0,CHURNED,2025-05-09 18:55:15,2025-05-23 18:55:15,14.0,5856f2ffe84837c1,66.37576368361111,999.0,999.0,66.37593870083333,0,0,0,1,1,0,0,0,0,0,0,0,0,,0.0,0.0,0,0,0,0,0,0,0,0,0,0,0,0,0,0,0,0,0,0,0,0,0,0,0,1,0,1,0,0,0,0.0,0,1,18.0,5.0,0,0
b65b50f9e9d91057,210aac9c9fbe3508,0,CHURNED,2025-04-30 22:34:30,2025-05-14 22:34:30,14.0,45e1e0b8b2c7f0e9,999.0,999.0,999.0,999.0,0,0,0,0,0,0,0,0,0,0,0,0,0,,0.0,0.0,0,0,0,0,0,0,0,0,0,0,0,0,0,0,0,0,0,0,0,0,0,0,0,0,0,0,0,0,0,0.0,0,0,22.0,3.0,0,0
5bb4255ab85fd645,f4c7d22f4f2fc7ff,0,CHURNED,2025-04-06 11:34:20,2025-04-20 11:34:20,14.0,f9cc0de7136e039b,999.0,999.0,999.0,999.0,0,0,0,0,0,0,0,0,0,0,0,0,0,,0.0,0.0,0,0,0,0,0,0,0,0,0,0,0,0,0,0,0,0,0,0,0,0,0,0,0,0,0,0,0,0,0,0.0,0,0,11.0,0.0,1,1
3279d2b0eda791a0,c7ff23f50b3f4767,0,CHURNED,2025-03-28 16:07:26,2025-04-11 17:07:26,14.0,b4958ed74bb15453,999.0,0.9264964944444444,999.0,999.0,1,1,1,0,0,0,0,0,1,1,0,1,0,-1.0,1.0,2.273435,0,0,0,0,0,0,0,0,0,0,0,0,0,0,0,0,0,0,0,0,0,0,0,0,0,0,0,0,0,0.0,0,0,16.0,5.0,0,1
00eaf94f2919b970,dc5cd0f8ca4e44b8,0,CHURNED,2025-02-25 14:35:20,2025-03-11 14:35:20,14.0,5411fb3e32bef0b1,999.0,22.47053382805555,999.0,999.0,1,1,1,0,0,0,0,0,14,7,7,14,0,0.0,1.0,7.706905857142857,0,0,0,0,0,0,0,0,0,0,0,0,0,0,0,0,0,0,0,0,0,0,0,0,0,0,0,0,0,0.0,0,0,14.0,2.0,0,1
74f013b421a4a58d,1cad50b88fecc996,1,CONVERTED,2025-02-17 16:13:00,2025-03-12 13:43:58,22.0,b68f0ccae4121ba4,23.594121488333332,17.869842794444445,404.2164741866667,23.594345165555556,1,1,1,1,1,0,74,9,36,26,10,35,1,-0.6153846153846154,0.9722222222222222,17.591660342857143,1,0,1,0,0,1,1,0,0,1,0,18,7,1,1,0,0,0,1,0,1,0,0,1,1,1,5,0,0,0.0,0,1,16.0,1.0,0,1
be024841f314e5a2,9ca3d0c15d0d1c72,1,CONVERTED,2025-01-28 13:39:38,2025-02-11 13:39:38,14.0,c815b846e5bc95c8,317.3421489625,76.89373831,315.94673248916666,317.3424133394444,0,0,1,1,0,1,25,7,81,2,79,27,54,38.5,0.3333333333333333,5.669373,1,0,1,0,0,1,1,0,0,1,0,8,3,1,1,0,0,0,0,0,0,0,0,1,0,1,0,0,0,0.0,0,1,13.0,2.0,0,1
7a76aaae9d875e99,0ef1a015fcb33d92,0,CHURNED,2025-01-15 21:34:29,2025-01-29 21:34:29,14.0,034dad38360cdc26,999.0,44.55412691638889,999.0,44.554035210833334,0,1,1,0,0,0,0,0,2,2,0,2,0,-1.0,1.0,3.879732,0,0,0,0,0,0,0,0,0,0,0,0,0,0,0,0,0,0,0,0,0,0,0,2,0,1,0,0,0,0.0,0,1,21.0,3.0,0,0
1ed2ca391fef55e9,c902608e3fa9f7cf,1,CONVERTED,2025-01-15 17:58:08,2025-02-07 15:34:45,22.0,bb231dce5bca401c,307.87880353472224,163.159394585,999.0,307.8790235961111,0,0,1,4,0,4,28,7,54,6,48,50,4,7.0,0.925925925925926,7.07281328,1,0,0,0,1,1,1,0,0,0,0,3,0,0,0,0,0,0,0,0,0,0,0,4,0,1,1,0,0,0.0,0,1,17.0,3.0,0,1
08a05d027f655b84,e6732056d3feedc5,1,CONVERTED,2025-01-13 20:24:59,2025-01-27 20:24:59,14.0,6942807b3cbf4327,999.0,0.0559652516666666,999.0,999.0,1,1,1,0,0,0,0,0,3,2,1,3,0,-0.5,1.0,11.737176333333334,0,0,0,0,0,0,0,0,0,0,0,0,0,0,0,0,0,0,0,0,0,0,0,0,0,0,0,0,0,0.0,0,1,20.0,1.0,0,0
7902695f8d0a86cd,5e0f263ef5516820,0,CHURNED,2025-01-02 20:26:22,2025-01-16 20:26:22,14.0,897619a4e2edc533,999.0,999.0,999.0,999.0,0,0,0,0,0,0,0,0,0,0,0,0,0,,0.0,0.0,0,0,0,0,0,0,0,0,0,0,0,0,0,0,0,0,0,0,0,0,0,0,0,0,0,0,0,0,0,0.0,0,0,20.0,4.0,0,0
e8426d155dac711f,7a364352559b5771,0,CHURNED,2025-01-02 14:15:58,2025-01-16 14:15:58,14.0,210349e2025e9458,999.0,999.0,999.0,999.0,0,0,0,0,0,0,0,0,0,0,0,0,0,,0.0,0.0,0,0,0,0,0,0,0,0,0,0,0,0,0,0,0,0,0,0,0,0,0,0,0,0,0,0,0,0,0,0.0,1,0,14.0,4.0,0,1
3e7ee718f678c7ff,15cbb8ac3ac1762c,0,CHURNED,2024-12-24 09:44:05,2025-01-07 09:44:05,14.0,707c8d32dcfebe17,999.0,999.0,999.0,999.0,0,0,0,0,0,0,0,0,0,0,0,0,0,,0.0,0.0,0,0,0,0,0,0,0,0,0,0,0,0,0,0,0,0,0,0,0,0,0,0,0,0,0,0,0,0,0,0.0,1,0,9.0,2.0,0,1
3cc78fed5ee74f42,7f566aa712bc249a,0,CHURNED,2024-12-12 14:10:54,2024-12-26 14:10:54,14.0,0b5954111f2d4cbb,999.0,999.0,999.0,999.0,0,0,0,0,0,0,0,0,0,0,0,0,0,,0.0,0.0,0,0,0,0,0,0,0,0,0,0,0,0,0,0,0,0,0,0,0,0,0,0,0,0,0,0,0,0,0,0.0,1,0,14.0,4.0,0,1
1d15f1ee4bb70c4f,2381b89160d1e5b1,0,CHURNED,2024-12-12 11:22:51,2024-12-26 11:22:51,14.0,6c5d8d419cf7e562,999.0,999.0,999.0,999.0,0,0,0,0,0,0,0,0,0,0,0,0,0,,0.0,0.0,0,0,0,0,0,0,0,0,0,0,0,0,0,0,0,0,0,0,0,0,0,0,0,0,0,0,2,0,0,0.0,1,1,11.0,4.0,0,1
4829b7cf53c27138,d193349dc80e6e14,0,CHURNED,2024-12-09 16:43:09,2024-12-23 16:43:09,14.0,f11903b8719dd39d,999.0,999.0,999.0,999.0,0,0,0,0,0,0,0,0,0,0,0,0,0,,0.0,0.0,0,0,0,0,0,0,0,0,0,0,0,0,0,0,0,0,0,0,0,0,0,0,0,0,0,0,0,0,0,0.0,1,0,16.0,1.0,0,1
99d1a812ce765f74,4c1be5e52c238e3d,1,CONVERTED,2024-12-06 09:34:03,2024-12-20 09:34:03,14.0,ca287dac1e35e1d7,318.3600667697222,315.0591291538889,999.0,318.360232855,0,0,0,1,0,1,40,7,42,0,42,18,24,,0.4285714285714285,44.59484361111111,1,0,1,0,1,0,1,0,0,0,0,5,2,0,0,0,0,0,0,0,1,1,0,1,1,1,0,0,0,0.0,0,1,9.0,5.0,0,1
8168d21de4440764,492745fa88519ec0,0,CHURNED,2024-12-03 08:28:46,2024-12-17 08:28:46,14.0,442d56b6e1dbfe8f,999.0,999.0,999.0,999.0,0,0,0,0,0,0,0,0,0,0,0,0,0,,0.0,0.0,0,0,0,0,0,0,0,0,0,0,0,0,0,0,0,0,0,0,0,0,0,0,0,0,0,0,0,0,0,0.0,0,0,8.0,2.0,0,0
5bed8723ed0552f3,69bb419d121206c5,0,CHURNED,2024-11-27 17:37:42,2024-12-11 17:37:42,14.0,2823208b49d4507d,999.0,13.404747104722222,999.0,999.0,1,1,1,0,0,0,4,2,9,7,2,9,0,-0.7142857142857143,1.0,23.711856666666662,1,0,0,0,0,0,0,0,0,0,0,1,0,0,0,0,0,0,0,0,0,0,0,0,0,0,0,0,0,0.0,1,1,17.0,3.0,0,1
0482dbfe08644b3f,700872ff5aadbe82,0,CHURNED,2024-11-27 04:29:58,2024-12-11 04:29:58,14.0,ab9170a944adb7e9,999.0,117.6688248738889,999.0,999.0,0,0,1,0,0,0,3,1,3,3,0,1,2,-1.0,0.3333333333333333,14.388296,0,0,0,0,1,0,0,0,0,0,0,0,0,0,0,0,0,0,0,0,1,1,0,0,0,0,0,0,0,0.0,0,1,4.0,3.0,0,0
a9751cc724bcb631,bd6962ea339db598,0,CHURNED,2024-11-18 13:06:02,2024-12-02 13:06:02,14.0,dfae61e141231cc6,15.0886152575,11.000833764444444,236.1915496277778,15.088944803611112,1,1,1,7,3,4,41,6,20,11,9,16,4,-0.1818181818181818,0.8,1.024982875,1,0,0,0,0,1,1,0,0,0,0,8,0,1,1,0,0,0,0,0,0,0,0,7,0,1,0,0,0,0.0,1,1,13.0,1.0,0,1
204670ca7a4981c5,06eb3c888a4812ab,0,CHURNED,2024-11-03 08:47:52,2024-11-17 08:47:52,14.0,aba99d1426a96a54,8.225064988611111,8.235242898888888,999.0,8.225380490555555,1,1,1,1,1,0,1,1,3,3,0,1,2,-1.0,0.3333333333333333,1.976739,1,0,0,0,0,0,0,0,0,0,0,1,0,0,0,0,0,0,0,0,0,0,0,1,0,1,0,0,0,0.0,1,0,8.0,0.0,1,0
c202f2a7b7db9281,571ae67edc2bbc0b,0,CHURNED,2024-10-29 09:14:20,2024-11-12 09:14:20,14.0,7fc6cdc2e965236a,999.0,999.0,999.0,999.0,0,0,0,0,0,0,0,0,0,0,0,0,0,,0.0,0.0,0,0,0,0,0,0,0,0,0,0,0,0,0,0,0,0,0,0,0,0,0,0,0,0,0,0,0,0,0,0.0,1,0,9.0,2.0,0,1
a0004d826dd30ae5,eb623738c6b28444,0,CHURNED,2024-09-26 09:29:12,2024-10-10 09:29:12,14.0,bfd762d3037e648b,999.0,999.0,999.0,999.0,0,0,0,0,0,0,1,1,0,0,0,0,0,,0.0,0.0,0,0,0,0,0,0,1,0,0,0,0,0,0,0,0,0,0,0,0,0,0,0,0,0,0,0,0,0,0,0.0,0,0,9.0,4.0,0,1
e33a6642811a2fd4,ee18f314e50a2018,0,CHURNED,2024-09-25 23:55:35,2024-10-09 23:55:35,14.0,fa1ea7bf44cdc3df,999.0,14.666379576111112,15.500123184444444,999.0,1,1,1,0,0,0,7,5,8,8,0,4,4,-1.0,0.5,21.36145,1,0,0,0,0,0,1,0,0,1,1,1,0,1,1,0,0,0,0,0,0,0,0,0,0,0,0,0,0,0.0,0,1,23.0,3.0,0,0
886c444d4a498bef,d93839e888982edd,0,CHURNED,2024-09-25 11:39:34,2024-10-09 11:39:34,14.0,2eb1c1f3cdf71adf,999.0,999.0,999.0,999.0,0,0,0,0,0,0,0,0,0,0,0,0,0,,0.0,0.0,0,0,0,0,0,0,0,0,0,0,0,0,0,0,0,0,0,0,0,0,0,0,0,0,0,0,0,0,0,0.0,0,0,11.0,3.0,0,1
1c4c742907ace594,25a4aac4201188c5,0,CHURNED,2024-09-23 13:19:02,2024-10-07 13:19:02,14.0,43f41f527ca39e27,999.0,999.0,999.0,999.0,0,0,0,0,0,0,0,0,0,0,0,0,0,,0.0,0.0,0,0,0,0,0,0,0,0,0,0,0,0,0,0,0,0,0,0,0,0,0,0,0,0,0,0,0,0,0,0.0,0,0,13.0,1.0,0,1
7feb101a024709c8,5b5124b368683c64,0,CHURNED,2024-09-18 20:35:36,2024-10-02 20:35:36,14.0,4f95ccc49f5bfdf4,999.0,999.0,999.0,999.0,0,0,0,0,0,0,0,0,0,0,0,0,0,,0.0,0.0,0,0,0,0,0,0,0,0,0,0,0,0,0,0,0,0,0,0,0,0,0,0,0,0,0,0,0,0,0,0.0,0,0,20.0,3.0,0,0
e2f53868d23a4d41,c42cad18ba932f00,0,CHURNED,2024-09-17 07:04:07,2024-10-01 07:04:07,14.0,8a3644aea58fabda,999.0,999.0,999.0,999.0,0,0,0,0,0,0,0,0,0,0,0,0,0,,0.0,0.0,0,0,0,0,0,0,0,0,0,0,0,0,0,0,0,0,0,0,0,0,0,0,0,0,0,0,0,0,0,0.0,1,0,7.0,2.0,0,0
98dfc266bef76361,2eba95571acde5d2,0,CHURNED,2024-09-02 18:45:45,2024-09-16 18:45:45,14.0,92f564af7daca44a,999.0,999.0,999.0,999.0,0,0,0,0,0,0,0,0,0,0,0,0,0,,0.0,0.0,0,0,0,0,0,0,0,0,0,0,0,0,0,0,0,0,0,0,0,0,0,0,0,0,0,0,0,0,0,0.0,0,0,18.0,1.0,0,0
3c290c28a3801cbd,9624c7ab9549d0a5,0,CHURNED,2024-08-30 16:54:21,2024-09-13 16:54:21,14.0,4e6c952dc5f5ce51,170.5193339777778,124.45977500083332,999.0,170.5196601313889,0,0,1,6,0,6,101,6,79,23,56,61,18,1.434782608695652,0.7721518987341772,140.22783975409837,1,0,1,0,1,0,1,0,0,0,0,5,1,0,0,0,0,0,0,0,1,1,0,6,0,1,3,0,0,0.0,0,1,16.0,5.0,0,1
2ca6ccc518c4a332,c9693a9b169c7d2a,0,CHURNED,2024-08-15 09:36:14,2024-08-29 09:36:14,14.0,96cf10d1a6b3bfeb,117.90438036194443,999.0,999.0,117.90468995444444,0,0,0,1,1,0,2,2,0,0,0,0,0,,0.0,0.0,1,0,0,0,0,0,1,0,0,0,0,1,0,0,0,0,0,0,0,0,0,0,0,1,0,1,0,0,0,0.0,0,1,9.0,4.0,0,1
ab44705d2a291bac,d2238b5f77d94801,0,CHURNED,2024-08-08 04:00:47,2024-08-22 04:00:47,14.0,d8d24cdff0f5a1ad,311.26412967805555,311.3087661363889,999.0,311.2643582377778,0,0,0,2,0,2,16,7,8,0,8,8,0,,1.0,22.420665625,1,0,1,0,1,1,1,0,0,0,0,2,3,0,0,0,0,0,0,0,1,1,0,2,0,1,0,0,0,0.0,0,1,4.0,4.0,0,0
7b1a01a0110a1872,aab1f877dc5adedd,0,CHURNED,2024-08-07 13:00:51,2024-08-21 13:00:51,14.0,64bb35f7e90323cc,42.766654680833334,999.0,999.0,42.76671824555556,0,0,0,2,2,0,0,0,0,0,0,0,0,,0.0,0.0,0,0,0,0,0,0,0,0,0,0,0,0,0,0,0,0,0,0,0,0,0,0,0,2,0,1,0,0,0,0.0,1,1,13.0,3.0,0,1
36d89ca0b9b11eac,11a9e9a8ced89b83,0,CHURNED,2024-08-02 17:32:12,2024-08-16 17:32:12,14.0,faca086b57c9049d,158.46516600083334,999.0,999.0,158.4652747388889,0,0,0,2,2,0,0,0,0,0,0,0,0,,0.0,0.0,0,0,0,0,0,0,0,0,0,0,0,0,0,0,0,0,0,0,0,0,0,0,0,2,0,1,0,0,0,0.0,1,0,17.0,5.0,0,1
62894aaa76dc86ce,80ca7bb44282f5bb,0,CHURNED,2024-08-01 17:29:55,2024-08-15 17:29:55,14.0,521899693751129f,182.2999546425,999.0,999.0,182.30000056583333,0,0,0,1,0,1,0,0,0,0,0,0,0,,0.0,0.0,0,0,0,0,0,0,0,0,0,0,0,0,0,0,0,0,0,0,0,0,0,0,0,1,0,1,0,0,0,0.0,1,0,17.0,4.0,0,1
430006b5b0fb98a8,d2df6736cb3626eb,0,CHURNED,2024-07-24 20:03:19,2024-08-07 20:03:19,14.0,5aa4844a4b1321ee,999.0,999.0,999.0,999.0,0,0,0,0,0,0,0,0,0,0,0,0,0,,0.0,0.0,0,0,0,0,0,0,0,0,0,0,0,0,0,0,0,0,0,0,0,0,0,0,0,0,0,0,0,0,0,0.0,0,0,20.0,3.0,0,0
a2e02570998fd4ba,47465e890b341526,0,CHURNED,2024-07-11 13:30:34,2024-07-25 13:30:34,14.0,08d172c2359f3c8c,999.0,74.74083797277778,999.0,999.0,0,0,1,0,0,0,5,3,12,12,0,11,1,-1.0,0.9166666666666666,2.1757322727272728,1,1,0,0,0,0,0,0,0,0,0,2,1,0,0,0,0,0,0,0,0,0,0,0,0,0,0,0,0,0.0,1,0,13.0,4.0,0,1
8ffedeb9d9fae287,916301faa23c006a,1,CONVERTED,2024-07-10 00:32:46,2024-07-15 22:15:20,5.0,bed176dace5d44a5,0.2110479555555555,0.4381944466666667,999.0,0.2112376219444444,1,1,1,8,8,0,22,2,76,76,0,64,12,-1.0,0.8421052631578947,13.762817828125,0,0,0,0,1,0,1,0,0,0,0,0,0,0,0,0,0,0,0,0,0,0,0,8,8,1,0,0,0,0.0,0,1,0.0,3.0,0,0
5b99f1b8c888a721,6a1cf6121336ceb2,0,CHURNED,2024-06-23 20:14:10,2024-07-07 20:14:10,14.0,6ba6d5e202d37f7e,999.0,22.773669903888887,999.0,999.0,1,1,1,0,0,0,0,0,13,7,6,0,13,-0.1428571428571428,0.0,0.0,0,0,0,0,0,0,0,0,0,0,0,0,0,0,0,0,0,0,0,0,0,0,0,0,0,0,0,0,0,0.0,0,0,20.0,0.0,1,0
df69774d583cfd4e,1936a844614d8870,0,CHURNED,2024-06-19 20:20:28,2024-07-03 20:20:28,14.0,a36e1c2db624075b,999.0,15.826908300277776,999.0,999.0,1,1,1,0,0,0,84,8,30,19,11,14,16,-0.4210526315789473,0.4666666666666667,2.213617,1,1,0,0,0,1,1,0,0,1,0,6,4,0,0,0,0,0,0,0,0,0,0,0,0,0,0,0,0,0.0,0,1,20.0,3.0,0,0
fcb445879a6fad82,9b0316802c8133a2,0,CHURNED,2024-06-04 23:39:49,2024-06-18 23:39:49,14.0,7e73e86769b05ad1,23.703770216666666,0.3841992402777778,0.6432278177777778,23.70392841,1,1,1,2,1,1,67,7,63,55,8,51,12,-0.8545454545454545,0.8095238095238095,13.57042125490196,1,0,1,0,1,1,1,0,0,0,0,7,3,1,1,0,0,0,0,0,0,0,0,2,0,1,1,0,1,0.5,0,1,23.0,2.0,0,0
0b7a324784dcda2f,baf8ceac6cf98b97,0,CHURNED,2024-05-27 15:17:38,2024-06-10 15:17:38,14.0,f1689a13bcca9bf8,999.0,999.0,999.0,999.0,0,0,0,0,0,0,0,0,0,0,0,0,0,,0.0,0.0,0,0,0,0,0,0,0,0,0,0,0,0,0,0,0,0,0,0,0,0,0,0,0,0,0,0,0,0,0,0.0,0,0,15.0,1.0,0,1
f760e63d6f0e7645,d238b12b4a4ba149,1,CONVERTED,2024-04-26 08:31:14,2024-05-10 08:31:14,14.0,a2fbf01985c8cecb,999.0,3.4087430347222223,999.0,6.619335019444445,1,1,1,0,0,0,40,6,74,72,2,42,32,-0.9722222222222222,0.5675675675675675,4.955790166666667,1,0,0,0,0,1,0,1,0,1,0,1,0,0,0,0,0,0,0,0,0,0,0,11,0,1,13,0,0,0.0,0,1,8.0,5.0,0,0
261ef3ecb7d41aff,1a03f22041484108,0,CHURNED,2024-04-16 13:09:44,2024-04-30 13:09:44,14.0,cd48f28df8aa5b2e,999.0,999.0,999.0,999.0,0,0,0,0,0,0,0,0,0,0,0,0,0,,0.0,0.0,0,0,0,0,0,0,0,0,0,0,0,0,0,0,0,0,0,0,0,0,0,0,0,0,0,0,0,0,0,0.0,0,0,13.0,2.0,0,1
efebe73975e247d8,96a6f0561a4bc6f4,0,CHURNED,2024-04-15 17:29:06,2024-04-29 17:29:06,14.0,598211823e20eb55,999.0,4.729155107777777,999.0,999.0,1,1,1,0,0,0,93,8,346,210,136,252,94,-0.3523809523809524,0.7283236994219653,10.998328813492064,1,1,0,0,0,0,0,0,0,1,0,55,1,0,0,0,0,0,0,0,0,0,0,0,0,0,5,0,3,0.5,0,1,17.0,1.0,0,1
eea853e55a27ac22,cd31c7abe3757637,1,CONVERTED,2024-04-05 17:43:05,2024-04-19 17:43:05,14.0,e62579550fb81caa,288.0615671983333,0.0525707483333333,999.0,287.9624820825,1,1,1,1,0,1,64,10,51,28,23,34,17,-0.1785714285714285,0.6666666666666666,7.001131823529412,1,1,1,0,1,1,1,1,0,0,0,7,8,0,0,0,0,0,0,0,1,0,0,2,0,1,4,0,1,0.2,0,0,17.0,5.0,0,1
ed4df80ec0064428,32178d9caef4b56f,0,CHURNED,2024-03-28 06:58:51,2024-04-11 07:58:51,14.0,8ece2ad79563047a,999.0,999.0,999.0,999.0,0,0,0,0,0,0,0,0,0,0,0,0,0,,0.0,0.0,0,0,0,0,0,0,0,0,0,0,0,0,0,0,0,0,0,0,0,0,1,0,0,0,0,0,0,0,0,0.0,0,1,6.0,4.0,0,0
65d46f040f436ea0,7ea06a285cee752a,1,CONVERTED,2024-03-13 10:38:57,2024-03-27 10:38:57,14.0,93be7439eadbdd5e,999.0,2.6806671975,24.42153507888889,120.1040039261111,1,1,1,0,0,0,290,12,216,106,110,171,45,0.0377358490566037,0.7916666666666666,24.32801496491228,1,1,1,0,1,1,1,0,0,1,0,20,7,1,1,1,0,0,0,0,0,0,0,1,1,1,2,0,1,0.3333333333333333,0,1,10.0,3.0,0,1
fbd66e674fc80694,4b188dbb0bc9eb0e,0,CHURNED,2024-03-06 12:51:02,2024-03-20 12:51:02,14.0,e88d458fd79b92d7,999.0,999.0,999.0,999.0,0,0,0,0,0,0,0,0,0,0,0,0,0,,0.0,0.0,0,0,0,0,0,0,0,0,0,0,0,0,0,0,0,0,0,0,0,0,0,0,0,0,0,0,0,0,0,0.0,0,1,12.0,3.0,0,1
4eff042f04902347,59df034aea9ad6d4,0,CHURNED,2024-03-06 02:25:57,2024-03-20 02:25:57,14.0,521ab7e26f01ddd1,3.683890105277778,0.0168999458333333,999.0,3.684153800833333,1,1,1,1,1,0,50,12,92,53,39,85,7,-0.2641509433962264,0.9239130434782608,21.954404188235294,0,0,1,0,1,1,1,1,0,1,0,0,3,0,0,0,0,0,0,0,0,0,0,10,0,1,7,0,2,0.25,0,0,2.0,3.0,0,0
64bbeb5ebda7f872,c774d1a69b1217fb,0,CHURNED,2024-03-04 20:36:22,2024-03-18 20:36:22,14.0,790183f1b9be7455,999.0,999.0,999.0,999.0,0,0,0,0,0,0,0,0,0,0,0,0,0,,0.0,0.0,0,0,0,0,0,0,0,0,0,0,0,0,0,0,0,0,0,0,0,0,0,0,0,0,0,0,0,0,0,0.0,0,1,20.0,1.0,0,0
b8cc1bac9a757cd7,93f3226a9cd193c4,0,CHURNED,2024-02-27 16:11:03,2024-03-12 16:11:03,14.0,adf9c41d9fe87bf6,999.0,999.0,999.0,999.0,0,0,0,0,0,0,0,0,0,0,0,0,0,,0.0,0.0,0,0,0,0,0,0,0,0,0,0,0,0,0,0,0,0,0,0,0,0,0,0,0,0,0,0,0,0,0,0.0,0,1,16.0,2.0,0,1
f9d08fdcba95d895,5edd3d3a8d6d0e68,0,CHURNED,2024-02-23 02:59:52,2024-03-08 02:59:52,14.0,b08b5e50313391fa,999.0,84.6303079425,999.0,84.66086891972222,0,0,1,0,0,0,39,6,13,4,9,11,2,1.25,0.8461538461538461,8.851940727272728,1,0,0,0,0,1,1,1,0,0,0,1,0,0,0,0,0,0,0,0,0,0,0,3,0,1,2,0,0,0.0,0,1,2.0,5.0,0,0
dc78a1324cf0f1e2,761675e73163832e,0,CHURNED,2024-02-22 15:56:59,2024-03-07 15:56:59,14.0,669e8498b4b38e49,999.0,999.0,999.0,999.0,0,0,0,0,0,0,0,0,0,0,0,0,0,,0.0,0.0,0,0,0,0,0,0,0,0,0,0,0,0,0,0,0,0,0,0,0,0,0,0,0,0,0,0,0,0,0,0.0,0,1,15.0,4.0,0,1
f0a1208e9f0f2c61,45977e4895ab7d84,0,CHURNED,2024-02-22 14:58:46,2024-03-07 14:58:46,14.0,7595252e859d46f2,0.4831717966666666,0.4902084083333333,999.0,0.4833161025,1,1,1,1,1,0,80,8,3,3,0,3,0,-1.0,1.0,13.668280666666666,1,0,1,0,1,1,1,0,0,0,0,1,1,0,0,0,0,0,0,0,1,0,1,1,0,1,6,0,5,0.7142857142857143,0,1,14.0,4.0,0,1
f2f69ae4968336ca,786d2d447d481ae1,0,CHURNED,2024-02-21 12:38:40,2024-03-06 12:38:40,14.0,fb2fc317ca7c8bf9,999.0,16.35843528722222,41.877909128333336,0.9789387563888888,1,1,1,0,0,0,65,8,58,46,12,52,6,-0.7391304347826086,0.896551724137931,37.78675909615384,1,1,0,0,1,0,1,1,0,1,0,3,2,1,1,0,0,0,0,0,1,1,0,5,0,1,0,0,0,0.0,0,1,12.0,3.0,0,1
9aa90a69ebe33819,5bcdc796dd49fad4,1,CONVERTED,2024-02-13 20:00:29,2024-02-27 20:00:29,14.0,2e2ab8b556c819d8,40.21054776361111,0.0185071019444444,999.0,40.21073350527778,1,1,1,3,3,0,276,9,515,216,299,496,19,0.3842592592592592,0.9631067961165048,7.763714094758065,1,1,0,0,1,1,0,0,0,1,0,31,2,0,0,0,0,0,0,0,0,0,0,14,10,1,5,0,0,0.0,0,1,20.0,2.0,0,0
79e7cca30d5f514f,2a711df8c7db0326,0,CHURNED,2024-02-06 20:58:18,2024-02-20 20:58:18,14.0,088234a2509f6c69,999.0,214.5367334302778,999.0,999.0,0,0,0,0,0,0,0,0,1,0,1,1,0,,1.0,1.382724,0,0,0,0,0,0,0,0,0,0,0,0,0,0,0,0,0,0,0,0,0,0,0,0,0,0,0,0,0,0.0,0,1,20.0,2.0,0,0
b69e8222d1cb73b4,8579acc5a1dd8797,1,CONVERTED,2024-02-06 17:03:52,2024-02-20 17:03:52,14.0,41030a5c14a828e3,999.0,26.53719258194445,999.0,999.0,0,1,1,0,0,0,279,7,15,15,0,11,4,-1.0,0.7333333333333333,39.35480109090909,1,0,0,0,0,1,1,0,0,0,0,1,0,0,0,0,0,0,0,0,0,0,0,0,0,0,11,0,0,0.0,0,0,17.0,2.0,0,1
bf33ec4a386dc594,dd04b4d994aac86a,0,CHURNED,2024-02-04 13:56:48,2024-02-18 13:56:48,14.0,3f0b2de9e2c5aad8,999.0,999.0,999.0,999.0,0,0,0,0,0,0,0,0,0,0,0,0,0,,0.0,0.0,0,0,0,0,0,0,0,0,0,0,0,0,0,0,0,0,0,0,0,0,0,0,0,0,0,0,0,0,0,0.0,0,1,13.0,0.0,1,1
fb3f4782ce3f3e7a,eeb61e97d36f5dc5,0,CHURNED,2024-01-17 22:23:21,2024-01-31 22:23:21,14.0,41c66717114a4b64,999.0,999.0,999.0,999.0,0,0,0,0,0,0,0,0,0,0,0,0,0,,0.0,0.0,0,0,0,0,0,0,0,0,0,0,0,0,0,0,0,0,0,0,0,0,0,0,0,0,0,0,0,0,0,0.0,0,1,22.0,3.0,0,0
00e7085632fdf383,03e65ef9b6ca5df1,0,CHURNED,2024-01-04 06:46:57,2024-01-18 06:46:57,14.0,bc16abc79a619efb,999.0,2.299765923611111,999.0,999.0,1,1,1,0,0,0,58,5,37,37,0,13,24,-1.0,0.3513513513513513,1.8303746153846152,1,1,0,0,0,0,0,0,0,1,0,8,5,0,0,0,0,0,0,0,0,0,0,0,0,0,0,0,0,0.0,1,1,6.0,4.0,0,0
120d7ac51b86e84b,3750005f9216d21b,0,CHURNED,2023-12-28 19:44:48,2024-01-11 19:44:48,14.0,cdf212ca786d5e92,999.0,118.25388264972224,999.0,999.0,0,0,1,0,0,0,138,7,40,38,2,30,10,-0.9473684210526316,0.75,4.9808516,1,1,0,0,0,1,1,0,0,1,0,2,4,0,0,0,0,0,0,0,1,0,1,0,0,0,1,0,0,0.0,0,1,19.0,4.0,0,0
57c3fd34919e4bdb,77958e48be2414ca,1,CONVERTED,2023-12-14 19:02:15,2024-01-07 09:56:06,23.0,7cbd1de1560431d7,999.0,25.784088418055557,999.0,999.0,0,1,1,0,0,0,16,4,72,41,31,71,1,-0.2439024390243902,0.9861111111111112,12.324430816901408,1,0,0,0,1,0,1,0,0,0,0,1,0,0,0,0,0,0,0,0,0,0,0,0,0,0,12,0,2,0.1538461538461538,0,1,19.0,4.0,0,0
bf26f2b7d248a71b,1da27234c08368b1,0,CHURNED,2023-12-08 19:54:54,2023-12-22 19:54:54,14.0,afd5c4fec6688634,999.0,999.0,999.0,999.0,0,0,0,0,0,0,0,0,0,0,0,0,0,,0.0,0.0,0,0,0,0,0,0,0,0,0,0,0,0,0,0,0,0,0,0,0,0,0,0,0,0,0,0,0,0,0,0.0,1,1,19.0,5.0,0,0
a99b040fb9084e77,491cc124d4e3eba7,0,CHURNED,2023-12-05 16:42:31,2023-12-19 16:42:31,14.0,74889b18f26cb31b,999.0,999.0,999.0,999.0,0,0,0,0,0,0,0,0,0,0,0,0,0,,0.0,0.0,0,0,0,0,0,0,0,0,0,0,0,0,0,0,0,0,0,0,0,0,0,0,0,0,0,0,0,0,0,0.0,1,1,16.0,2.0,0,1
3348736ec2bb7747,35f13194f110efec,0,CHURNED,2023-12-05 09:36:38,2023-12-19 09:36:38,14.0,757e3155e5fa939c,999.0,1.0430186925,999.0,8.478439112777778,1,1,1,0,0,0,273,8,191,110,81,142,49,-0.2636363636363636,0.743455497382199,3.858083556338028,1,1,0,0,1,1,0,0,0,1,0,18,4,0,0,0,0,0,0,0,0,0,0,9,0,1,0,0,0,0.0,0,1,9.0,2.0,0,1
9cdd48271e66e144,b97d16e3fdf1601a,0,CHURNED,2023-11-22 07:48:33,2023-12-06 07:48:33,14.0,5caa4d91695b8620,999.0,23.10699919361111,23.274209766666665,999.0,1,1,1,0,0,0,86,13,36,36,0,24,12,-1.0,0.6666666666666666,1.4610893333333332,1,1,0,0,1,1,1,1,0,1,0,2,6,1,1,0,0,0,0,0,0,0,0,0,0,0,0,0,0,0.0,0,1,7.0,3.0,0,0
10200f3593b59469,8bf901330fbf7c5a,0,CHURNED,2023-11-16 17:49:55,2023-11-30 17:49:55,14.0,1ac81f7e08ff92a6,999.0,122.93487525722222,999.0,999.0,0,0,1,0,0,0,47,5,6,2,4,4,2,1.0,0.6666666666666666,1.094629,1,0,0,0,0,1,1,0,0,0,0,4,0,0,0,0,0,0,0,0,0,0,0,0,0,0,20,0,0,0.0,0,1,17.0,4.0,0,1
a6a6551c5793402d,c161ebf0c47e9870,0,CHURNED,2023-11-14 21:39:07,2023-11-28 21:39:07,14.0,e6e6a424d4d60ff6,999.0,999.0,999.0,999.0,0,0,0,0,0,0,0,0,0,0,0,0,0,,0.0,0.0,0,0,0,0,0,0,0,0,0,0,0,0,0,0,0,0,0,0,0,0,0,0,0,0,0,0,2,0,0,0.0,0,1,21.0,2.0,0,0
17ebde5a947a21a7,b0bae88c5390d1bf,0,CHURNED,2023-11-07 17:40:38,2023-11-21 17:40:38,14.0,d30905adbf042f22,999.0,137.19293624222223,999.0,999.0,0,0,1,0,0,0,0,0,1,1,0,0,1,-1.0,0.0,0.0,0,0,0,0,0,0,0,0,0,0,0,0,0,0,0,0,0,0,0,0,0,0,0,0,0,0,3,0,0,0.0,0,1,17.0,2.0,0,1
a1dacc07a9c8d10d,11df766348d76e68,0,CHURNED,2023-11-07 16:40:12,2023-11-21 16:40:12,14.0,ada29dbd4b119f71,999.0,999.0,999.0,999.0,0,0,0,0,0,0,0,0,0,0,0,0,0,,0.0,0.0,0,0,0,0,0,0,0,0,0,0,0,0,0,0,0,0,0,0,0,0,0,0,0,0,0,0,0,0,0,0.0,1,1,16.0,2.0,0,1
4808015bf1bc1697,1982f08d94567b71,0,CHURNED,2023-11-02 23:35:21,2023-11-16 23:35:21,14.0,e79c91d6c1e15563,999.0,0.1662239380555555,999.0,999.0,1,1,1,0,0,0,6,2,6,6,0,4,2,-1.0,0.6666666666666666,1.319885,1,0,0,0,0,0,0,0,0,0,0,4,0,0,0,0,0,0,0,0,0,0,0,0,0,0,0,0,0,0.0,1,1,23.0,4.0,0,0
b45a2b963da1a2ab,fa10bcb24cc8e4fa,0,CHURNED,2023-11-02 23:24:26,2023-11-16 23:24:26,14.0,288db5cddab8e97a,999.0,0.0906787041666666,999.0,999.0,1,1,1,0,0,0,4,2,5,5,0,2,3,-1.0,0.4,0.900202,1,0,0,0,0,0,0,0,0,0,0,2,0,0,0,0,0,0,0,0,0,0,0,0,0,0,0,0,0,0.0,1,1,23.0,4.0,0,0
af94faf0df06e7b2,6c691550c7d26672,0,CHURNED,2023-11-02 23:21:04,2023-11-16 23:21:04,14.0,3b99fd0fb0ea6a54,999.0,0.1236760613888888,999.0,999.0,1,1,1,0,0,0,2,2,7,7,0,2,5,-1.0,0.2857142857142857,1.121705,1,0,0,0,0,0,0,0,0,0,0,1,0,0,0,0,0,0,0,0,0,0,0,0,0,0,0,0,0,0.0,1,1,23.0,4.0,0,0
880d9dcbc453cef9,4eefac3d2c6e7466,0,CHURNED,2023-11-02 23:20:38,2023-11-16 23:20:38,14.0,6dc9ed304c4f22a2,999.0,0.0947015991666666,999.0,999.0,1,1,1,0,0,0,4,2,10,10,0,6,4,-1.0,0.6,1.1051735,1,0,0,0,0,0,0,0,0,0,0,2,0,0,0,0,0,0,0,0,0,0,0,0,0,0,0,0,0,0.0,1,1,23.0,4.0,0,0
19b5703a6e7d1ada,6a50ce41aa9e4ea4,0,CHURNED,2023-11-02 23:20:27,2023-11-16 23:20:27,14.0,ea797a6fbb4578bf,999.0,0.0498062683333333,999.0,999.0,1,1,1,0,0,0,6,2,7,7,0,4,3,-1.0,0.5714285714285714,0.984139,1,0,0,0,0,0,0,0,0,0,0,3,0,0,0,0,0,0,0,0,0,0,0,0,0,0,0,0,0,0.0,1,1,23.0,4.0,0,0
17f9f54f63728b95,b2a051bcb9b4846e,0,CHURNED,2023-11-02 23:20:20,2023-11-16 23:20:20,14.0,55f61c6248e6f9e2,999.0,0.1109674702777777,999.0,999.0,1,1,1,0,0,0,11,2,21,21,0,14,7,-1.0,0.6666666666666666,1.0305589285714285,1,0,0,0,0,0,0,0,0,0,0,4,0,0,0,0,0,0,0,0,0,0,0,0,0,0,0,0,0,0.0,1,1,23.0,4.0,0,0
b03ee92911a659fd,b3eef3c42fbfb272,0,CHURNED,2023-11-02 23:20:20,2023-11-16 23:20:20,14.0,7ee34b23b7927ff3,999.0,0.0598605961111111,999.0,999.0,1,1,1,0,0,0,9,2,7,7,0,6,1,-1.0,0.8571428571428571,1.4745535,1,0,0,0,0,0,0,0,0,0,0,7,0,0,0,0,0,0,0,0,0,0,0,0,0,0,0,0,0,0.0,0,1,23.0,4.0,0,0
47348ffd39577b16,5e618ccd3fc98873,0,CHURNED,2023-11-02 23:20:15,2023-11-16 23:20:15,14.0,7efa9ab9c3e9808d,999.0,0.0078720258333333,999.0,999.0,1,1,1,0,0,0,4,2,6,6,0,4,2,-1.0,0.6666666666666666,1.276816,1,0,0,0,0,0,0,0,0,0,0,2,0,0,0,0,0,0,0,0,0,0,0,0,0,0,0,0,0,0.0,1,1,23.0,4.0,0,0
4154f98fc630394d,f8ecac0a6d4d9f18,0,CHURNED,2023-11-02 23:20:12,2023-11-16 23:20:12,14.0,724977ea600dda9c,999.0,0.0736785275,999.0,999.0,1,1,1,0,0,0,6,2,17,17,0,2,15,-1.0,0.1176470588235294,1.4529725,1,0,0,0,0,0,0,0,0,0,0,3,0,0,0,0,0,0,0,0,0,0,0,0,0,0,0,0,0,0.0,1,1,23.0,4.0,0,0
9cfa2525c5b93088,0f27b6ae28e6a3b4,0,CHURNED,2023-11-02 18:24:23,2023-11-06 18:24:23,4.0,2cacfe41d9bafac3,999.0,4.596291614722222,999.0,999.0,1,1,1,0,0,0,0,0,4,4,0,4,0,-1.0,1.0,6.59512925,0,0,0,0,0,0,0,0,0,0,0,0,0,0,0,0,0,0,0,0,0,0,0,0,0,0,0,0,0,0.0,1,1,18.0,4.0,0,0
a2f2a5e0aa915ece,8931cf028a0afbdc,0,CHURNED,2023-11-02 18:18:07,2023-11-03 18:18:07,1.0,190dc41191e8e818,999.0,999.0,999.0,999.0,0,0,0,0,0,0,0,0,0,0,0,0,0,,0.0,0.0,0,0,0,0,0,0,0,0,0,0,0,0,0,0,0,0,0,0,0,0,0,0,0,0,0,0,2,0,0,0.0,0,0,18.0,4.0,0,0
d5adb9fc1f993937,3029b2d2f6732377,0,CHURNED,2023-11-02 16:24:33,2023-11-16 16:24:33,14.0,0f6b6cb21786991a,999.0,21.675507675277775,999.0,999.0,1,1,1,0,0,0,0,0,7,7,0,4,3,-1.0,0.5714285714285714,5.6211325,0,0,0,0,0,0,0,0,0,0,0,0,0,0,0,0,0,0,0,0,0,0,0,0,0,0,2,0,0,0.0,0,1,16.0,4.0,0,1
03075a64096024d0,,1,CONVERTED,2023-08-23 00:43:35,2023-09-06 00:43:35,14.0,464c11de5d0c0a87,999.0,135.3996852402778,999.0,999.0,0,0,1,0,0,0,32,6,8,8,0,6,2,-1.0,0.75,12.573669333333331,1,0,0,0,1,0,1,0,0,1,0,1,0,0,0,0,0,0,0,0,1,0,1,0,0,0,5,1,1,0.1666666666666666,0,1,0.0,3.0,0,0
d2d6d349c89dba83,32a413f2c12e10a8,1,CONVERTED,2023-06-02 12:00:05,2023-06-16 12:00:05,14.0,61dfacc5c66f8123,999.0,999.0,999.0,999.0,0,0,0,0,0,0,0,0,0,0,0,0,0,,0.0,0.0,0,0,0,0,0,0,0,0,0,0,0,0,0,0,0,0,0,0,0,0,0,0,0,0,0,0,3,0,0,0.0,0,1,12.0,5.0,0,1
61717ff07fe59645,,1,CONVERTED,2023-05-22 22:16:40,2023-06-05 22:16:40,14.0,aacffb1528bdfec4,999.0,999.0,999.0,999.0,0,0,0,0,0,0,0,0,0,0,0,0,0,,0.0,0.0,0,0,0,0,0,0,0,0,0,0,0,0,0,0,0,0,0,0,0,0,0,0,0,0,0,0,9,0,0,0.0,0,0,22.0,1.0,0,0
4ef41783c099984b,de9c17e1dcdb7104,0,CHURNED,2023-04-05 17:50:08,2023-04-19 17:50:08,14.0,89a281c271df4c87,999.0,999.0,999.0,999.0,0,0,0,0,0,0,0,0,0,0,0,0,0,,0.0,0.0,0,0,0,0,0,0,0,0,0,0,0,0,0,0,0,0,0,0,0,0,0,0,0,0,0,0,2,0,0,0.0,0,1,17.0,3.0,0,1
fef3e6cf728d1bce,,1,CONVERTED,2023-02-28 08:14:45,2023-03-14 08:14:45,14.0,31d7a17115701938,999.0,999.0,999.0,999.0,0,0,0,0,0,0,0,0,0,0,0,0,0,,0.0,0.0,0,0,0,0,0,0,0,0,0,0,0,0,0,0,0,0,0,0,0,0,0,0,0,0,0,0,16,0,0,0.0,0,0,8.0,2.0,0,0
1304873b1def94a0,,1,CONVERTED,2023-02-24 16:58:12,2023-03-10 16:58:12,14.0,6192a480424eddab,999.0,999.0,999.0,999.0,0,0,0,0,0,0,0,0,0,0,0,0,0,,0.0,0.0,0,0,0,0,0,0,0,0,0,0,0,0,0,0,0,0,0,0,0,0,0,0,0,0,0,0,2,0,0,0.0,0,0,16.0,5.0,0,1
acd5e2c345e5679e,,1,CONVERTED,2023-02-24 06:29:18,2023-03-10 06:29:18,14.0,b711cd48dc5ac2ff,999.0,999.0,999.0,999.0,0,0,0,0,0,0,0,0,0,0,0,0,0,,0.0,0.0,0,0,0,0,0,0,0,0,0,0,0,0,0,0,0,0,0,0,0,0,0,0,0,0,0,0,5,0,0,0.0,0,1,6.0,5.0,0,0
df89f9f7439c353a,,1,CONVERTED,2023-01-20 23:02:31,2023-02-03 23:02:31,14.0,64c8e73ec8ef10ac,999.0,999.0,999.0,999.0,0,0,0,0,0,0,0,0,0,0,0,0,0,,0.0,0.0,0,0,0,0,0,0,0,0,0,0,0,0,0,0,0,0,0,0,0,0,0,0,0,0,0,0,34,0,0,0.0,0,0,23.0,5.0,0,0
d05e8791896bdb0b,,1,CONVERTED,2022-11-18 04:11:53,2022-12-09 11:04:31,21.0,fe17209c8aca4cc3,999.0,999.0,999.0,999.0,0,0,0,0,0,0,0,0,0,0,0,0,0,,0.0,0.0,0,0,0,0,0,0,0,0,0,0,0,0,0,0,0,0,0,0,0,0,0,0,0,0,0,0,14,0,0,0.0,0,0,4.0,5.0,0,0
8f9865ee64d8bc32,,1,CONVERTED,2022-11-17 11:05:54,2022-12-01 11:05:54,14.0,6c7254fee33bd407,999.0,999.0,999.0,999.0,0,0,0,0,0,0,0,0,0,0,0,0,0,,0.0,0.0,0,0,0,0,0,0,0,0,0,0,0,0,0,0,0,0,0,0,0,0,0,0,0,0,0,0,6,0,0,0.0,0,0,11.0,4.0,0,1
e9e129fcb0e7060d,,0,CHURNED,2022-11-10 07:23:03,2022-11-24 07:23:03,14.0,eb0f1a6d8712af28,999.0,999.0,999.0,999.0,0,0,0,0,0,0,0,0,0,0,0,0,0,,0.0,0.0,0,0,0,0,0,0,0,0,0,0,0,0,0,0,0,0,0,0,0,0,0,0,0,0,0,0,15,0,0,0.0,0,0,7.0,4.0,0,0
1bcfdb5e7808a115,,0,CHURNED,2022-09-28 22:41:02,2022-10-12 22:41:02,14.0,e96fa23062d79c78,999.0,999.0,999.0,999.0,0,0,0,0,0,0,0,0,0,0,0,0,0,,0.0,0.0,0,0,0,0,0,0,0,0,0,0,0,0,0,0,0,0,0,0,0,0,0,0,0,0,0,0,14,0,0,0.0,0,1,22.0,3.0,0,0
a6920290a8e98a61,,0,CHURNED,2022-08-23 19:12:38,2022-09-06 19:12:38,14.0,a3726f6d2884ddee,999.0,999.0,999.0,999.0,0,0,0,0,0,0,0,0,0,0,0,0,0,,0.0,0.0,0,0,0,0,0,0,0,0,0,0,0,0,0,0,0,0,0,0,0,0,0,0,0,0,0,0,5,0,0,0.0,0,0,19.0,2.0,0,0
2b92011aa9f999d6,,1,CONVERTED,2022-08-18 18:37:07,2022-09-01 18:37:07,14.0,e99fe95b6632f7da,999.0,999.0,999.0,999.0,0,0,0,0,0,0,0,0,0,0,0,0,0,,0.0,0.0,0,0,0,0,0,0,0,0,0,0,0,0,0,0,0,0,0,0,0,0,0,0,0,0,0,0,8,0,0,0.0,0,0,18.0,4.0,0,0
80e90843dfc8fdfe,,1,CONVERTED,2022-08-18 10:01:14,2022-09-12 10:57:01,25.0,3a23e33394e10587,999.0,999.0,457.8087390638889,999.0,0,0,0,0,0,0,177,11,0,0,0,0,0,,0.0,0.0,1,1,0,0,0,0,0,0,0,1,0,13,5,1,1,0,0,0,1,0,0,0,0,0,0,0,4,1,0,0.0,0,1,10.0,4.0,0,1
7c245eff50662bd7,,0,CHURNED,2022-07-08 09:44:18,2022-07-22 09:44:18,14.0,425dacb479e79147,999.0,999.0,999.0,999.0,0,0,0,0,0,0,0,0,0,0,0,0,0,,0.0,0.0,0,0,0,0,0,0,0,0,0,0,0,0,0,0,0,0,0,0,0,0,0,0,0,0,0,0,7,0,0,0.0,0,1,9.0,5.0,0,1
07379d4c72b5ddba,,1,CONVERTED,2022-07-06 21:44:47,2022-07-20 21:44:47,14.0,3c818a8f9d6bb2e9,999.0,999.0,999.0,999.0,0,0,0,0,0,0,0,0,0,0,0,0,0,,0.0,0.0,0,0,0,0,0,0,0,0,0,0,0,0,0,0,0,0,0,0,0,0,0,0,0,0,0,0,26,0,0,0.0,0,0,21.0,3.0,0,0
38998ac1302d30b7,,1,CONVERTED,2022-06-30 15:29:05,2022-07-14 15:29:05,14.0,c8a5d8fc7aed0805,999.0,999.0,999.0,999.0,0,0,0,0,0,0,0,0,0,0,0,0,0,,0.0,0.0,0,0,0,0,0,0,0,0,0,0,0,0,0,0,0,0,0,0,0,0,0,0,0,0,0,0,6,0,0,0.0,0,1,15.0,4.0,0,1
8b3c1f24beb72da2,,0,CHURNED,2022-06-30 10:37:12,2022-07-14 10:37:12,14.0,f7cb48f16d533f97,999.0,999.0,999.0,999.0,0,0,0,0,0,0,0,0,0,0,0,0,0,,0.0,0.0,0,0,0,0,0,0,0,0,0,0,0,0,0,0,0,0,0,0,0,0,0,0,0,0,0,0,2,0,0,0.0,0,1,10.0,4.0,0,1
aa14d4fc0c5bbd73,,0,CHURNED,2022-06-09 21:52:48,2022-06-23 21:52:48,14.0,60b9f28728d10c08,999.0,999.0,999.0,999.0,0,0,0,0,0,0,0,0,0,0,0,0,0,,0.0,0.0,0,0,0,0,0,0,0,0,0,0,0,0,0,0,0,0,0,0,0,0,0,0,0,0,0,0,25,0,0,0.0,0,0,21.0,4.0,0,0
08fc237d65e6b2fd,,1,CONVERTED,2022-06-07 20:13:41,2022-06-21 20:13:41,14.0,a205b08407533978,999.0,999.0,999.0,999.0,0,0,0,0,0,0,0,0,0,0,0,0,0,,0.0,0.0,0,0,0,0,0,0,0,0,0,0,0,0,0,0,0,0,0,0,0,0,0,0,0,0,0,0,9,0,0,0.0,0,0,20.0,2.0,0,0
2a9503dccd9fa933,,1,CONVERTED,2022-05-19 20:02:10,2022-06-02 20:02:10,14.0,96c065fc97731520,999.0,999.0,999.0,999.0,0,0,0,0,0,0,0,0,0,0,0,0,0,,0.0,0.0,0,0,0,0,0,0,0,0,0,0,0,0,0,0,0,0,0,0,0,0,0,0,0,0,0,0,55,0,0,0.0,0,0,20.0,4.0,0,0
87faddb23ca50523,,0,CHURNED,2022-05-05 19:34:31,2022-05-19 19:34:31,14.0,0a11f9b0b314c49c,999.0,999.0,999.0,999.0,0,0,0,0,0,0,0,0,0,0,0,0,0,,0.0,0.0,0,0,0,0,0,0,0,0,0,0,0,0,0,0,0,0,0,0,0,0,0,0,0,0,0,0,17,0,0,0.0,0,0,19.0,4.0,0,0
e516c9b89d87987f,97a85e3b8378710f,1,CONVERTED,2022-04-27 16:11:02,2022-05-11 16:11:02,14.0,7c4682d192b56ce2,999.0,999.0,999.0,999.0,0,0,0,0,0,0,0,0,0,0,0,0,0,,0.0,0.0,0,0,0,0,0,0,0,0,0,0,0,0,0,0,0,0,0,0,0,0,0,0,0,0,0,0,4,0,0,0.0,0,1,16.0,3.0,0,1
b08fc3ab1df7c09c,,0,CHURNED,2022-04-01 14:26:50,2022-04-15 14:26:50,14.0,8b40bb04d778803c,999.0,999.0,999.0,999.0,0,0,0,0,0,0,0,0,0,0,0,0,0,,0.0,0.0,0,0,0,0,0,0,0,0,0,0,0,0,0,0,0,0,0,0,0,0,0,0,0,0,0,0,10,0,0,0.0,0,0,14.0,5.0,0,1
9e223bbcce121c60,,1,CONVERTED,2022-03-19 23:44:54,2022-04-03 00:44:54,14.0,5599ae6be789de34,999.0,999.0,999.0,999.0,0,0,0,0,0,0,0,0,0,0,0,0,0,,0.0,0.0,0,0,0,0,0,0,0,0,0,0,0,0,0,0,0,0,0,0,0,0,0,0,0,0,0,0,18,0,0,0.0,0,1,23.0,6.0,1,0
f1c7c78a987ac803,,1,CONVERTED,2022-02-09 18:03:51,2022-02-23 18:03:51,14.0,2b1d4a25e7a8f006,999.0,999.0,999.0,999.0,0,0,0,0,0,0,0,0,0,0,0,0,0,,0.0,0.0,0,0,0,0,0,0,0,0,0,0,0,0,0,0,0,0,0,0,0,0,0,0,0,0,0,0,5,0,0,0.0,0,0,18.0,3.0,0,0
8cc2edd4e65f6044,,0,CHURNED,2022-02-03 23:09:15,2022-02-17 23:09:15,14.0,31012aca940b5ff3,999.0,999.0,999.0,999.0,0,0,0,0,0,0,0,0,0,0,0,0,0,,0.0,0.0,0,0,0,0,0,0,0,0,0,0,0,0,0,0,0,0,0,0,0,0,0,0,0,0,0,0,5,0,0,0.0,0,1,23.0,4.0,0,0
6b6908eff13cfb8a,,0,CHURNED,2022-01-25 13:32:33,2022-02-08 13:32:33,14.0,acdd622846eb6691,999.0,999.0,999.0,999.0,0,0,0,0,0,0,0,0,0,0,0,0,0,,0.0,0.0,0,0,0,0,0,0,0,0,0,0,0,0,0,0,0,0,0,0,0,0,0,0,0,0,0,0,25,0,0,0.0,0,0,13.0,2.0,0,1
6a4c85f3fb28069b,,1,CONVERTED,2021-12-01 21:32:29,2021-12-15 21:32:29,14.0,eff9e4b6d29bb5a5,999.0,999.0,999.0,999.0,0,0,0,0,0,0,0,0,0,0,0,0,0,,0.0,0.0,0,0,0,0,0,0,0,0,0,0,0,0,0,0,0,0,0,0,0,0,0,0,0,0,0,0,113,0,0,0.0,0,0,21.0,3.0,0,0
6be15d71d6211c80,,1,CONVERTED,2021-11-22 09:01:48,2021-12-06 09:01:48,14.0,4d1f6dc3df007723,999.0,999.0,999.0,999.0,0,0,0,0,0,0,0,0,0,0,0,0,0,,0.0,0.0,0,0,0,0,0,0,0,0,0,0,0,0,0,0,0,0,0,0,0,0,0,0,0,0,0,0,19,0,0,0.0,0,0,9.0,1.0,0,1
ae1201db9f2f9892,,1,CONVERTED,2021-11-01 19:21:22,2021-11-15 19:21:22,14.0,dae410d03e027e2f,999.0,999.0,999.0,999.0,0,0,0,0,0,0,0,0,0,0,0,0,0,,0.0,0.0,0,0,0,0,0,0,0,0,0,0,0,0,0,0,0,0,0,0,0,0,0,0,0,0,0,0,10,0,0,0.0,0,0,19.0,1.0,0,0
6895dc1858c17589,,0,CHURNED,2021-10-20 16:16:04,2021-11-03 15:16:04,13.0,bccfef7775378295,999.0,999.0,999.0,999.0,0,0,0,0,0,0,0,0,0,0,0,0,0,,0.0,0.0,0,0,0,0,0,0,0,0,0,0,0,0,0,0,0,0,0,0,0,0,0,0,0,0,0,0,7,0,0,0.0,0,0,16.0,3.0,0,1
569a22cb28af3ca8,,1,CONVERTED,2021-10-13 18:04:05,2021-10-27 18:04:05,14.0,20cd3acff8594817,999.0,999.0,999.0,999.0,0,0,0,0,0,0,0,0,0,0,0,0,0,,0.0,0.0,0,0,0,0,0,0,0,0,0,0,0,0,0,0,0,0,0,0,0,0,0,0,0,0,0,0,4,0,0,0.0,0,0,18.0,3.0,0,0
526f302fb1f8f587,,1,CONVERTED,2021-10-07 03:34:22,2021-10-21 03:34:22,14.0,99b17925c8c4815a,999.0,999.0,999.0,999.0,0,0,0,0,0,0,0,0,0,0,0,0,0,,0.0,0.0,0,0,0,0,0,0,0,0,0,0,0,0,0,0,0,0,0,0,0,0,0,0,0,0,0,0,14,0,0,0.0,0,0,3.0,4.0,0,0
f4c6f731f7489786,,1,CONVERTED,2021-09-28 18:38:42,2021-10-12 18:38:42,14.0,b9e0c22b8dc77933,999.0,999.0,999.0,999.0,0,0,0,0,0,0,0,0,0,0,0,0,0,,0.0,0.0,0,0,0,0,0,0,0,0,0,0,0,0,0,0,0,0,0,0,0,0,0,0,0,0,0,0,5,0,0,0.0,1,0,18.0,2.0,0,0
6096f90ea72a9fbc,,1,CONVERTED,2021-09-21 01:45:35,2021-10-05 01:45:35,14.0,3a8baae310850f93,999.0,999.0,999.0,999.0,0,0,0,0,0,0,0,0,0,0,0,0,0,,0.0,0.0,0,0,0,0,0,0,0,0,0,0,0,0,0,0,0,0,0,0,0,0,0,0,0,0,0,0,23,0,0,0.0,0,1,1.0,2.0,0,0
0fe6dabd4eaa8998,,0,CHURNED,2021-09-14 22:37:42,2021-09-28 22:37:42,14.0,a85564ddd1c19a6c,999.0,999.0,999.0,999.0,0,0,0,0,0,0,0,0,0,0,0,0,0,,0.0,0.0,0,0,0,0,0,0,0,0,0,0,0,0,0,0,0,0,0,0,0,0,0,0,0,0,0,0,2,0,0,0.0,0,1,22.0,2.0,0,0
93065e0189ff3d54,,1,CONVERTED,2021-09-01 17:27:35,2021-09-15 17:27:35,14.0,c169fc1b3978fb63,999.0,999.0,999.0,999.0,0,0,0,0,0,0,0,0,0,0,0,0,0,,0.0,0.0,0,0,0,0,0,0,0,0,0,0,0,0,0,0,0,0,0,0,0,0,0,0,0,0,0,0,6,0,0,0.0,0,0,17.0,3.0,0,1
b20787c8ef4c265b,,0,CHURNED,2021-09-01 16:09:41,2021-09-29 14:00:00,27.0,a96b2a4fa1b75468,999.0,999.0,999.0,999.0,0,0,0,0,0,0,0,0,0,0,0,0,0,,0.0,0.0,0,0,0,0,0,0,0,0,0,0,0,0,0,0,0,0,0,0,0,0,0,0,0,0,0,0,4,0,0,0.0,0,0,16.0,3.0,0,1
e841f67761badde6,,0,CHURNED,2021-08-27 00:25:23,2021-09-10 00:25:23,14.0,6ac4f81cb5e84c96,999.0,999.0,999.0,999.0,0,0,0,0,0,0,0,0,0,0,0,0,0,,0.0,0.0,0,0,0,0,0,0,0,0,0,0,0,0,0,0,0,0,0,0,0,0,0,0,0,0,0,0,4,0,0,0.0,0,0,0.0,5.0,0,0
ec9fe4bb6f5be1e4,,1,CONVERTED,2021-08-23 16:46:01,2021-09-06 16:46:01,14.0,391d148805461515,999.0,999.0,999.0,999.0,0,0,0,0,0,0,0,0,0,0,0,0,0,,0.0,0.0,0,0,0,0,0,0,0,0,0,0,0,0,0,0,0,0,0,0,0,0,0,0,0,0,0,0,2,0,0,0.0,0,1,16.0,1.0,0,1
fbdf836f9994b2d6,,0,CHURNED,2021-08-11 20:25:54,2021-08-25 20:25:54,14.0,25647993b7dce69f,999.0,999.0,999.0,999.0,0,0,0,0,0,0,0,0,0,0,0,0,0,,0.0,0.0,0,0,0,0,0,0,0,0,0,0,0,0,0,0,0,0,0,0,0,0,0,0,0,0,0,0,8,0,0,0.0,0,0,20.0,3.0,0,0
7fdb7b7b327d90c1,,1,CONVERTED,2021-08-03 08:06:58,2021-08-17 08:06:58,14.0,eb9d0624034d9fb9,999.0,999.0,999.0,999.0,0,0,0,0,0,0,0,0,0,0,0,0,0,,0.0,0.0,0,0,0,0,0,0,0,0,0,0,0,0,0,0,0,0,0,0,0,0,0,0,0,0,0,0,3,0,0,0.0,0,1,8.0,2.0,0,0
db896d8227eba25b,,0,CHURNED,2021-07-22 18:43:07,2021-08-05 18:43:07,14.0,69f85bfe914e2c7a,999.0,999.0,999.0,999.0,0,0,0,0,0,0,0,0,0,0,0,0,0,,0.0,0.0,0,0,0,0,0,0,0,0,0,0,0,0,0,0,0,0,0,0,0,0,0,0,0,0,0,0,4,0,0,0.0,0,0,18.0,4.0,0,0
816179e454e94f9c,,1,CONVERTED,2021-06-17 14:59:43,2021-07-01 14:59:43,14.0,4c6f0700f76d865c,999.0,999.0,999.0,999.0,0,0,0,0,0,0,0,0,0,0,0,0,0,,0.0,0.0,0,0,0,0,0,0,0,0,0,0,0,0,0,0,0,0,0,0,0,0,0,0,0,0,0,0,18,0,0,0.0,0,0,14.0,4.0,0,1
86776e9048fec7e0,,0,CHURNED,2021-05-24 15:47:27,2021-06-07 15:47:27,14.0,ab8654dbd9f01723,999.0,999.0,999.0,999.0,0,0,0,0,0,0,0,0,0,0,0,0,0,,0.0,0.0,0,0,0,0,0,0,0,0,0,0,0,0,0,0,0,0,0,0,0,0,0,0,0,0,0,0,13,0,0,0.0,0,0,15.0,1.0,0,1
161adb4e377e122e,,1,CONVERTED,2021-05-11 17:47:02,2021-05-25 17:47:02,14.0,fb813374cb54f608,999.0,999.0,999.0,999.0,0,0,0,0,0,0,0,0,0,0,0,0,0,,0.0,0.0,0,0,0,0,0,0,0,0,0,0,0,0,0,0,0,0,0,0,0,0,0,0,0,0,0,0,3,0,0,0.0,0,0,17.0,2.0,0,1
630e0e2423cad8ef,,1,CONVERTED,2021-05-07 12:08:56,2021-06-04 14:00:00,28.0,9b2b01a6d322cb58,999.0,999.0,999.0,999.0,0,0,0,0,0,0,0,0,0,0,0,0,0,,0.0,0.0,0,0,0,0,0,0,0,0,0,0,0,0,0,0,0,0,0,0,0,0,0,0,0,0,0,0,38,0,0,0.0,0,1,12.0,5.0,0,1
e39a804342166e80,,0,CHURNED,2021-04-20 11:33:40,2021-05-04 11:33:40,14.0,8ead4adc3a3358b0,999.0,999.0,999.0,999.0,0,0,0,0,0,0,0,0,0,0,0,0,0,,0.0,0.0,0,0,0,0,0,0,0,0,0,0,0,0,0,0,0,0,0,0,0,0,0,0,0,0,0,0,8,0,0,0.0,0,0,11.0,2.0,0,1
e12b54314096ef30,,0,CHURNED,2021-04-14 11:12:25,2021-05-12 14:00:00,28.0,4b23b63f5c258a23,999.0,999.0,999.0,999.0,0,0,0,0,0,0,0,0,0,0,0,0,0,,0.0,0.0,0,0,0,0,0,0,0,0,0,0,0,0,0,0,0,0,0,0,0,0,0,0,0,0,0,0,2,0,0,0.0,0,0,11.0,3.0,0,1
af1fcd4c09c4ef74,,1,CONVERTED,2021-04-09 07:44:35,2021-04-23 07:44:35,14.0,55d381740aea36e9,999.0,999.0,999.0,999.0,0,0,0,0,0,0,0,0,0,0,0,0,0,,0.0,0.0,0,0,0,0,0,0,0,0,0,0,0,0,0,0,0,0,0,0,0,0,0,0,0,0,0,0,15,0,0,0.0,0,0,7.0,5.0,0,0
fc340e5ea628bb46,,1,CONVERTED,2021-04-02 13:14:42,2021-04-16 13:14:42,14.0,72ab5df947dbd179,999.0,999.0,999.0,999.0,0,0,0,0,0,0,0,0,0,0,0,0,0,,0.0,0.0,0,0,0,0,0,0,0,0,0,0,0,0,0,0,0,0,0,0,0,0,0,0,0,0,0,0,38,0,0,0.0,0,0,13.0,5.0,0,1
1f5137ae04781149,,1,CONVERTED,2021-03-29 20:22:11,2021-04-12 20:22:11,14.0,8f11e221acc59ead,999.0,999.0,999.0,999.0,0,0,0,0,0,0,0,0,0,0,0,0,0,,0.0,0.0,0,0,0,0,0,0,0,0,0,0,0,0,0,0,0,0,0,0,0,0,0,0,0,0,0,0,7,0,0,0.0,0,1,20.0,1.0,0,0
cf65a373eb6bdf57,,1,CONVERTED,2021-03-23 16:18:56,2021-04-06 17:18:56,14.0,204b8c491530aad1,999.0,999.0,999.0,999.0,0,0,0,0,0,0,0,0,0,0,0,0,0,,0.0,0.0,0,0,0,0,0,0,0,0,0,0,0,0,0,0,0,0,0,0,0,0,0,0,0,0,0,0,4,0,0,0.0,0,0,16.0,2.0,0,1
8a8b4e3997a19c13,,0,CHURNED,2021-03-12 23:02:05,2021-03-26 23:02:05,14.0,cc66e8220c32a3ec,999.0,999.0,999.0,999.0,0,0,0,0,0,0,0,0,0,0,0,0,0,,0.0,0.0,0,0,0,0,0,0,0,0,0,0,0,0,0,0,0,0,0,0,0,0,0,0,0,0,0,0,194,0,0,0.0,0,1,23.0,5.0,0,0
06da7536faf71b8c,,1,CONVERTED,2021-03-10 19:15:56,2021-04-14 14:00:00,34.0,0dce2d5b20a5a7d2,999.0,999.0,999.0,999.0,0,0,0,0,0,0,0,0,0,0,0,0,0,,0.0,0.0,0,0,0,0,0,0,0,0,0,0,0,0,0,0,0,0,0,0,0,0,0,0,0,0,0,0,18,0,0,0.0,0,0,19.0,3.0,0,0
d89a39d95a520258,,1,CONVERTED,2021-03-03 23:38:30,2021-03-17 23:38:30,14.0,ce02fd4d6e981ba0,999.0,999.0,999.0,999.0,0,0,0,0,0,0,0,0,0,0,0,0,0,,0.0,0.0,0,0,0,0,0,0,0,0,0,0,0,0,0,0,0,0,0,0,0,0,0,0,0,0,0,0,13,0,0,0.0,0,0,23.0,3.0,0,0
e4bdf8e85ce89b05,,0,CHURNED,2021-03-03 13:30:04,2021-03-17 13:30:04,14.0,7bf164ebbf2fd788,999.0,999.0,999.0,999.0,0,0,0,0,0,0,0,0,0,0,0,0,0,,0.0,0.0,0,0,0,0,0,0,0,0,0,0,0,0,0,0,0,0,0,0,0,0,0,0,0,0,0,0,14,0,0,0.0,0,0,13.0,3.0,0,1
fb92d8f256e14dc6,,1,CONVERTED,2021-01-28 14:36:16,2021-02-11 14:36:16,14.0,f0ef1a59f81f4425,999.0,999.0,999.0,999.0,0,0,0,0,0,0,0,0,0,0,0,0,0,,0.0,0.0,0,0,0,0,0,0,0,0,0,0,0,0,0,0,0,0,0,0,0,0,0,0,0,0,0,0,15,0,0,0.0,0,0,14.0,4.0,0,1
8548dacd87989199,,1,CONVERTED,2021-01-26 22:50:10,2021-02-09 22:50:10,14.0,3ce0c4506d853fa2,999.0,999.0,999.0,999.0,0,0,0,0,0,0,0,0,0,0,0,0,0,,0.0,0.0,0,0,0,0,0,0,0,0,0,0,0,0,0,0,0,0,0,0,0,0,0,0,0,0,0,0,22,0,0,0.0,0,0,22.0,2.0,0,0
7a8722800469ef63,,1,CONVERTED,2021-01-22 21:28:32,2021-02-05 21:28:32,14.0,8fae2c426fb5bb59,999.0,999.0,999.0,999.0,0,0,0,0,0,0,0,0,0,0,0,0,0,,0.0,0.0,0,0,0,0,0,0,0,0,0,0,0,0,0,0,0,0,0,0,0,0,0,0,0,0,0,0,45,0,0,0.0,0,0,21.0,5.0,0,0
a9e46dab23aedead,,0,CHURNED,2021-01-16 09:53:25,2021-01-30 09:53:25,14.0,47047594a02a4b59,999.0,999.0,999.0,999.0,0,0,0,0,0,0,0,0,0,0,0,0,0,,0.0,0.0,0,0,0,0,0,0,0,0,0,0,0,0,0,0,0,0,0,0,0,0,0,0,0,0,0,0,0,0,0,0.0,0,0,9.0,6.0,1,1
285d01cd1bb63a80,,1,CONVERTED,2021-01-12 23:16:11,2021-01-26 23:16:11,14.0,bd9017f29cd59f4a,999.0,999.0,999.0,999.0,0,0,0,0,0,0,0,0,0,0,0,0,0,,0.0,0.0,0,0,0,0,0,0,0,0,0,0,0,0,0,0,0,0,0,0,0,0,0,0,0,0,0,0,9,0,0,0.0,0,0,23.0,2.0,0,0
174b79dc403b494c,,1,CONVERTED,2020-12-29 14:25:59,2021-01-12 14:25:59,14.0,b94000ce38d2b750,999.0,999.0,999.0,999.0,0,0,0,0,0,0,0,0,0,0,0,0,0,,0.0,0.0,0,0,0,0,0,0,0,0,0,0,0,0,0,0,0,0,0,0,0,0,0,0,0,0,0,0,11,0,0,0.0,0,0,14.0,2.0,0,1
f66a9a73f7ca7b3c,,1,CONVERTED,2020-12-28 07:47:41,2021-01-11 07:47:41,14.0,3f4ffcd2dcc44c45,999.0,999.0,999.0,999.0,0,0,0,0,0,0,0,0,0,0,0,0,0,,0.0,0.0,0,0,0,0,0,0,0,0,0,0,0,0,0,0,0,0,0,0,0,0,0,0,0,0,0,0,2,0,0,0.0,0,0,7.0,1.0,0,0
606fd770602b6760,,0,CHURNED,2020-12-21 05:25:06,2021-01-04 05:25:06,14.0,7f38f98d1324377f,999.0,999.0,999.0,999.0,0,0,0,0,0,0,0,0,0,0,0,0,0,,0.0,0.0,0,0,0,0,0,0,0,0,0,0,0,0,0,0,0,0,0,0,0,0,0,0,0,0,0,0,35,0,0,0.0,0,0,5.0,1.0,0,0
4bdaed62899a3440,,1,CONVERTED,2020-12-13 03:37:37,2020-12-27 03:37:37,14.0,ef205a6eec4f257f,999.0,999.0,999.0,999.0,0,0,0,0,0,0,0,0,0,0,0,0,0,,0.0,0.0,0,0,0,0,0,0,0,0,0,0,0,0,0,0,0,0,0,0,0,0,0,0,0,0,0,0,7,0,0,0.0,0,0,3.0,0.0,1,0
90c02e730994520a,,1,CONVERTED,2020-12-11 15:42:42,2020-12-25 15:42:42,14.0,66d2b8f216c7b1b6,999.0,999.0,999.0,999.0,0,0,0,0,0,0,0,0,0,0,0,0,0,,0.0,0.0,0,0,0,0,0,0,0,0,0,0,0,0,0,0,0,0,0,0,0,0,0,0,0,0,0,0,56,0,0,0.0,0,0,15.0,5.0,0,1
2460ffb1d39118cd,,1,CONVERTED,2020-12-07 20:04:54,2020-12-21 20:04:54,14.0,b8ffd33828ad8302,999.0,999.0,999.0,999.0,0,0,0,0,0,0,0,0,0,0,0,0,0,,0.0,0.0,0,0,0,0,0,0,0,0,0,0,0,0,0,0,0,0,0,0,0,0,0,0,0,0,0,0,3,0,0,0.0,0,0,20.0,1.0,0,0
5cf331f5420bef28,,1,CONVERTED,2020-11-28 14:22:12,2020-12-12 14:22:12,14.0,3720f07b3584946d,999.0,999.0,999.0,999.0,0,0,0,0,0,0,0,0,0,0,0,0,0,,0.0,0.0,0,0,0,0,0,0,0,0,0,0,0,0,0,0,0,0,0,0,0,0,0,0,0,0,0,0,38,0,0,0.0,0,0,14.0,6.0,1,1
457646e6fd2271a6,,1,CONVERTED,2020-10-19 11:44:08,2020-11-02 10:44:08,13.0,8f7032ce3208fe12,999.0,999.0,999.0,999.0,0,0,0,0,0,0,0,0,0,0,0,0,0,,0.0,0.0,0,0,0,0,0,0,0,0,0,0,0,0,0,0,0,0,0,0,0,0,0,0,0,0,0,0,9,0,0,0.0,0,0,11.0,1.0,0,1
c730dbb1c8d40acc,,1,CONVERTED,2020-10-06 08:55:25,2020-10-20 08:55:25,14.0,242f72ccbec39ec8,999.0,999.0,999.0,999.0,0,0,0,0,0,0,0,0,0,0,0,0,0,,0.0,0.0,0,0,0,0,0,0,0,0,0,0,0,0,0,0,0,0,0,0,0,0,0,0,0,0,0,0,13,0,0,0.0,0,0,8.0,2.0,0,0
e46b64b7d33502d0,,1,CONVERTED,2020-09-16 17:10:12,2020-09-30 17:10:12,14.0,3c1926681734d9bc,999.0,999.0,999.0,999.0,0,0,0,0,0,0,0,0,0,0,0,0,0,,0.0,0.0,0,0,0,0,0,0,0,0,0,0,0,0,0,0,0,0,0,0,0,0,0,0,0,0,0,0,14,0,0,0.0,0,1,17.0,3.0,0,1
4715cc263f7ee22e,,0,CHURNED,2020-08-31 09:27:20,2020-09-14 09:27:20,14.0,369578838e37a4c6,999.0,999.0,999.0,999.0,0,0,0,0,0,0,0,0,0,0,0,0,0,,0.0,0.0,0,0,0,0,0,0,0,0,0,0,0,0,0,0,0,0,0,0,0,0,0,0,0,0,0,0,2,0,0,0.0,0,0,9.0,1.0,0,1
9b4dc4e1661ce5ca,,1,CONVERTED,2020-08-24 14:43:38,2020-09-07 14:43:38,14.0,989e078526398c42,999.0,999.0,999.0,999.0,0,0,0,0,0,0,0,0,0,0,0,0,0,,0.0,0.0,0,0,0,0,0,0,0,0,0,0,0,0,0,0,0,0,0,0,0,0,0,0,0,0,0,0,17,0,0,0.0,0,0,14.0,1.0,0,1
1f9ee861f04f19f3,,1,CONVERTED,2020-08-13 09:48:48,2020-09-03 14:00:00,21.0,5fb9fd9da7e53950,999.0,999.0,999.0,999.0,0,0,0,0,0,0,0,0,0,0,0,0,0,,0.0,0.0,0,0,0,0,0,0,0,0,0,0,0,0,0,0,0,0,0,0,0,0,0,0,0,0,0,0,251,0,0,0.0,0,0,9.0,4.0,0,1
2631d5b182492124,,1,CONVERTED,2020-08-12 19:03:36,2020-09-02 14:00:00,20.0,3efd1359a06becb9,999.0,999.0,999.0,999.0,0,0,0,0,0,0,0,0,0,0,0,0,0,,0.0,0.0,0,0,0,0,0,0,0,0,0,0,0,0,0,0,0,0,0,0,0,0,0,0,0,0,0,0,21,0,0,0.0,0,0,19.0,3.0,0,0
169d2ae442c496ca,,1,CONVERTED,2020-07-31 22:29:49,2020-08-14 22:29:49,14.0,8b2962caa3787c51,999.0,999.0,999.0,999.0,0,0,0,0,0,0,0,0,0,0,0,0,0,,0.0,0.0,0,0,0,0,0,0,0,0,0,0,0,0,0,0,0,0,0,0,0,0,0,0,0,0,0,0,63,0,0,0.0,0,0,22.0,5.0,0,0
b9fdfee2295d42f0,,0,CHURNED,2020-07-30 20:52:05,2020-08-13 20:52:05,14.0,03599b8db5f5d15e,999.0,999.0,999.0,999.0,0,0,0,0,0,0,0,0,0,0,0,0,0,,0.0,0.0,0,0,0,0,0,0,0,0,0,0,0,0,0,0,0,0,0,0,0,0,0,0,0,0,0,0,1,0,0,0.0,0,0,20.0,4.0,0,0
9f67f169c695d331,,1,CONVERTED,2020-07-22 11:34:28,2020-08-05 11:34:28,14.0,45cee4dbbc8dd855,999.0,999.0,999.0,999.0,0,0,0,0,0,0,0,0,0,0,0,0,0,,0.0,0.0,0,0,0,0,0,0,0,0,0,0,0,0,0,0,0,0,0,0,0,0,0,0,0,0,0,0,15,0,0,0.0,0,0,11.0,3.0,0,1
ae22ee1e19ddb480,,0,CHURNED,2020-07-15 20:03:07,2020-07-29 20:03:07,14.0,78f5e7f08ac25e6e,999.0,999.0,999.0,999.0,0,0,0,0,0,0,0,0,0,0,0,0,0,,0.0,0.0,0,0,0,0,0,0,0,0,0,0,0,0,0,0,0,0,0,0,0,0,0,0,0,0,0,0,19,0,0,0.0,0,0,20.0,3.0,0,0
a6ea701124af6662,,1,CONVERTED,2020-07-15 10:36:27,2020-08-05 14:00:00,21.0,c9f651129ca71a6f,999.0,999.0,999.0,999.0,0,0,0,0,0,0,0,0,0,0,0,0,0,,0.0,0.0,0,0,0,0,0,0,0,0,0,0,0,0,0,0,0,0,0,0,0,0,0,0,0,0,0,0,8,0,0,0.0,0,0,10.0,3.0,0,1
8410dc5eab8746ac,,0,CHURNED,2020-07-10 13:22:14,2020-07-24 13:22:14,14.0,f9c5f28f35c400ae,999.0,999.0,999.0,999.0,0,0,0,0,0,0,0,0,0,0,0,0,0,,0.0,0.0,0,0,0,0,0,0,0,0,0,0,0,0,0,0,0,0,0,0,0,0,0,0,0,0,0,0,50,0,0,0.0,0,0,13.0,5.0,0,1
39dd8e0b2b96e289,,0,CHURNED,2020-07-02 14:51:32,2020-07-16 14:51:32,14.0,fe98aa285c93bb59,999.0,999.0,999.0,999.0,0,0,0,0,0,0,0,0,0,0,0,0,0,,0.0,0.0,0,0,0,0,0,0,0,0,0,0,0,0,0,0,0,0,0,0,0,0,0,0,0,0,0,0,32,0,0,0.0,0,0,14.0,4.0,0,1
0a1e7cb44da7d265,,1,CONVERTED,2020-06-01 12:07:03,2020-06-15 12:07:03,14.0,f71c30cb3b1ca339,999.0,999.0,999.0,999.0,0,0,0,0,0,0,0,0,0,0,0,0,0,,0.0,0.0,0,0,0,0,0,0,0,0,0,0,0,0,0,0,0,0,0,0,0,0,0,0,0,0,0,0,52,0,0,0.0,0,0,12.0,1.0,0,1
0bc6d5ee813c09d4,,1,CONVERTED,2020-05-28 14:01:20,2020-06-11 14:01:20,14.0,574507ffcb2c7cec,999.0,999.0,999.0,999.0,0,0,0,0,0,0,0,0,0,0,0,0,0,,0.0,0.0,0,0,0,0,0,0,0,0,0,0,0,0,0,0,0,0,0,0,0,0,0,0,0,0,0,0,4,0,0,0.0,0,0,14.0,4.0,0,1
67e90db8d67b798c,,1,CONVERTED,2020-04-07 17:21:47,2020-04-21 17:21:47,14.0,a86a8c42597f797e,999.0,999.0,999.0,999.0,0,0,0,0,0,0,0,0,0,0,0,0,0,,0.0,0.0,0,0,0,0,0,0,0,0,0,0,0,0,0,0,0,0,0,0,0,0,0,0,0,0,0,0,1,0,0,0.0,0,0,17.0,2.0,0,1
51a7394b53b65370,,1,CONVERTED,2020-03-11 19:16:31,2020-03-25 19:16:31,14.0,b94379a9a7f0f278,999.0,999.0,999.0,999.0,0,0,0,0,0,0,0,0,0,0,0,0,0,,0.0,0.0,0,0,0,0,0,0,0,0,0,0,0,0,0,0,0,0,0,0,0,0,0,0,0,0,0,0,31,0,0,0.0,0,1,19.0,3.0,0,0
8ecba646cee46af8,,1,CONVERTED,2020-02-04 15:16:27,2020-02-18 15:16:27,14.0,a9069ee806b87048,999.0,999.0,999.0,999.0,0,0,0,0,0,0,0,0,0,0,0,0,0,,0.0,0.0,0,0,0,0,0,0,0,0,0,0,0,0,0,0,0,0,0,0,0,0,0,0,0,0,0,0,3,0,0,0.0,0,0,15.0,2.0,0,1
9004717d216e39c8,,1,CONVERTED,2020-01-20 20:27:32,2020-02-03 20:27:32,14.0,735a06628b0ff6bf,999.0,999.0,999.0,999.0,0,0,0,0,0,0,0,0,0,0,0,0,0,,0.0,0.0,0,0,0,0,0,0,0,0,0,0,0,0,0,0,0,0,0,0,0,0,0,0,0,0,0,0,153,0,0,0.0,0,0,20.0,1.0,0,0
dda7e20043acc959,,0,CHURNED,2019-12-12 20:03:56,2019-12-26 20:03:56,14.0,243fa36440172940,999.0,999.0,999.0,999.0,0,0,0,0,0,0,0,0,0,0,0,0,0,,0.0,0.0,0,0,0,0,0,0,0,0,0,0,0,0,0,0,0,0,0,0,0,0,0,0,0,0,0,0,52,0,0,0.0,0,0,20.0,4.0,0,0
e7892d2616c2218a,,1,CONVERTED,2019-10-07 02:41:34,2019-10-21 02:41:34,14.0,35f1f89b99696edf,999.0,999.0,999.0,999.0,0,0,0,0,0,0,0,0,0,0,0,0,0,,0.0,0.0,0,0,0,0,0,0,0,0,0,0,0,0,0,0,0,0,0,0,0,0,0,0,0,0,0,0,21,0,0,0.0,0,0,2.0,1.0,0,0
3eef287f376f8294,,0,CHURNED,2019-09-24 13:28:07,2019-10-08 13:28:07,14.0,770f7f81cd519894,999.0,999.0,999.0,999.0,0,0,0,0,0,0,0,0,0,0,0,0,0,,0.0,0.0,0,0,0,0,0,0,0,0,0,0,0,0,0,0,0,0,0,0,0,0,0,0,0,0,0,0,94,0,0,0.0,0,1,13.0,2.0,0,1
9d7df02e82c23cca,,1,CONVERTED,2019-09-17 22:17:54,2019-10-01 22:17:54,14.0,d4ce5af50b397175,999.0,999.0,999.0,999.0,0,0,0,0,0,0,0,0,0,0,0,0,0,,0.0,0.0,0,0,0,0,0,0,0,0,0,0,0,0,0,0,0,0,0,0,0,0,0,0,0,0,0,0,47,0,0,0.0,0,0,22.0,2.0,0,0
c59385753120e0ab,,0,CHURNED,2019-07-17 14:45:57,2019-07-31 14:45:57,14.0,4a9026605fa010b8,999.0,999.0,999.0,999.0,0,0,0,0,0,0,0,0,0,0,0,0,0,,0.0,0.0,0,0,0,0,0,0,0,0,0,0,0,0,0,0,0,0,0,0,0,0,0,0,0,0,0,0,22,0,0,0.0,0,0,14.0,3.0,0,1
1ca5a615ee4c26cd,,1,CONVERTED,2019-06-19 19:58:43,2019-07-03 19:58:43,14.0,d9b3a30ba0b7cd47,999.0,999.0,999.0,999.0,0,0,0,0,0,0,0,0,0,0,0,0,0,,0.0,0.0,0,0,0,0,0,0,0,0,0,0,0,0,0,0,0,0,0,0,0,0,0,0,0,0,0,0,3,0,0,0.0,0,0,19.0,3.0,0,0
5f9c817e8405184e,,1,CONVERTED,2019-06-18 19:11:47,2019-07-02 19:11:47,14.0,b985d86938843529,999.0,999.0,999.0,999.0,0,0,0,0,0,0,0,0,0,0,0,0,0,,0.0,0.0,0,0,0,0,0,0,0,0,0,0,0,0,0,0,0,0,0,0,0,0,0,0,0,0,0,0,14,0,0,0.0,0,0,19.0,2.0,0,0
8c7f10731d2ae163,,0,CHURNED,2019-06-13 11:45:37,2019-06-27 11:45:37,14.0,b0a21c6f31a49847,999.0,999.0,999.0,999.0,0,0,0,0,0,0,0,0,0,0,0,0,0,,0.0,0.0,0,0,0,0,0,0,0,0,0,0,0,0,0,0,0,0,0,0,0,0,0,0,0,0,0,0,7,0,0,0.0,0,0,11.0,4.0,0,1
affc8dcfaa74b8d5,,1,CONVERTED,2019-06-11 12:43:21,2019-06-25 12:43:21,14.0,3964efe32436ae2a,999.0,999.0,999.0,999.0,0,0,0,0,0,0,0,0,0,0,0,0,0,,0.0,0.0,0,0,0,0,0,0,0,0,0,0,0,0,0,0,0,0,0,0,0,0,0,0,0,0,0,0,12,0,0,0.0,0,0,12.0,2.0,0,1
65478843add7d621,,1,CONVERTED,2019-06-09 02:45:03,2019-06-23 02:45:03,14.0,353856d509220f69,999.0,999.0,999.0,999.0,0,0,0,0,0,0,0,0,0,0,0,0,0,,0.0,0.0,0,0,0,0,0,0,0,0,0,0,0,0,0,0,0,0,0,0,0,0,0,0,0,0,0,0,5,0,0,0.0,0,0,2.0,0.0,1,0
073dff5034ae063f,,1,CONVERTED,2019-05-16 14:13:16,2019-05-30 14:13:16,14.0,d8f5fcf94c4e8455,999.0,999.0,999.0,999.0,0,0,0,0,0,0,0,0,0,0,0,0,0,,0.0,0.0,0,0,0,0,0,0,0,0,0,0,0,0,0,0,0,0,0,0,0,0,0,0,0,0,0,0,4,0,0,0.0,0,0,14.0,4.0,0,1
72135fcdf6be0c62,,0,CHURNED,2019-05-10 17:12:47,2019-05-24 17:12:47,14.0,392c5cb7534173a6,999.0,999.0,999.0,999.0,0,0,0,0,0,0,0,0,0,0,0,0,0,,0.0,0.0,0,0,0,0,0,0,0,0,0,0,0,0,0,0,0,0,0,0,0,0,0,0,0,0,0,0,337,0,0,0.0,0,0,17.0,5.0,0,1
effb2a90b97eecfd,,0,CHURNED,2019-04-23 08:06:33,2019-05-07 08:06:33,14.0,a6623d8e7631cc0a,999.0,999.0,999.0,999.0,0,0,0,0,0,0,0,0,0,0,0,0,0,,0.0,0.0,0,0,0,0,0,0,0,0,0,0,0,0,0,0,0,0,0,0,0,0,0,0,0,0,0,0,19,0,0,0.0,0,0,8.0,2.0,0,0
fcec9a18f0d99de1,,1,CONVERTED,2019-04-10 08:40:42,2019-04-24 08:40:42,14.0,ac54a45175376d3b,999.0,999.0,999.0,999.0,0,0,0,0,0,0,0,0,0,0,0,0,0,,0.0,0.0,0,0,0,0,0,0,0,0,0,0,0,0,0,0,0,0,0,0,0,0,0,0,0,0,0,0,9,0,0,0.0,0,0,8.0,3.0,0,0
5af6916f5a3ae164,,1,CONVERTED,2019-03-19 09:52:05,2019-04-02 10:52:05,14.0,4ad41d3d2cc7c302,999.0,999.0,999.0,999.0,0,0,0,0,0,0,0,0,0,0,0,0,0,,0.0,0.0,0,0,0,0,0,0,0,0,0,0,0,0,0,0,0,0,0,0,0,0,0,0,0,0,0,0,5,0,0,0.0,0,0,9.0,2.0,0,1
d92e48b5910b6cc7,,1,CONVERTED,2019-03-18 21:33:15,2019-04-01 22:33:15,14.0,25867fb945edef74,999.0,999.0,999.0,999.0,0,0,0,0,0,0,0,0,0,0,0,0,0,,0.0,0.0,0,0,0,0,0,0,0,0,0,0,0,0,0,0,0,0,0,0,0,0,0,0,0,0,0,0,11,0,0,0.0,0,0,21.0,1.0,0,0
b7ef286e45867878,,1,CONVERTED,2019-03-05 14:31:12,2019-03-19 14:31:12,14.0,4afb125d8b2cac39,999.0,999.0,999.0,999.0,0,0,0,0,0,0,0,0,0,0,0,0,0,,0.0,0.0,0,0,0,0,0,0,0,0,0,0,0,0,0,0,0,0,0,0,0,0,0,0,0,0,0,0,2,0,0,0.0,0,0,14.0,2.0,0,1
48977b534510a7e5,,0,CHURNED,2019-02-11 22:22:15,2019-03-01 13:00:00,17.0,7359a44e72617122,999.0,999.0,999.0,999.0,0,0,0,0,0,0,0,0,0,0,0,0,0,,0.0,0.0,0,0,0,0,0,0,0,0,0,0,0,0,0,0,0,0,0,0,0,0,0,0,0,0,0,0,19,0,0,0.0,0,0,22.0,1.0,0,0
0b8333ec9faf71a2,,1,CONVERTED,2019-01-17 13:26:33,2019-01-31 13:26:33,14.0,2c67be3e0b6ed888,999.0,999.0,999.0,999.0,0,0,0,0,0,0,0,0,0,0,0,0,0,,0.0,0.0,0,0,0,0,0,0,0,0,0,0,0,0,0,0,0,0,0,0,0,0,0,0,0,0,0,0,12,0,0,0.0,0,0,13.0,4.0,0,1
4efb0a2d538e9355,,0,CHURNED,2019-01-08 13:39:00,2019-01-27 13:00:00,18.0,73ecabc912188bfa,999.0,999.0,999.0,999.0,0,0,0,0,0,0,0,0,0,0,0,0,0,,0.0,0.0,0,0,0,0,0,0,0,0,0,0,0,0,0,0,0,0,0,0,0,0,0,0,0,0,0,0,31,0,0,0.0,0,1,13.0,2.0,0,1
7590f48111ed5aed,,0,CHURNED,2018-12-20 19:34:50,2019-01-15 13:00:00,25.0,b0945fc661dcd3fc,999.0,999.0,999.0,999.0,0,0,0,0,0,0,0,0,0,0,0,0,0,,0.0,0.0,0,0,0,0,0,0,0,0,0,0,0,0,0,0,0,0,0,0,0,0,0,0,0,0,0,0,115,0,0,0.0,0,0,19.0,4.0,0,0
6f7aa43bb76d9edd,,1,CONVERTED,2018-09-18 12:11:23,2018-10-02 12:11:23,14.0,4bd36a46ba4a2074,999.0,999.0,999.0,999.0,0,0,0,0,0,0,0,0,0,0,0,0,0,,0.0,0.0,0,0,0,0,0,0,0,0,0,0,0,0,0,0,0,0,0,0,0,0,0,0,0,0,0,0,57,0,0,0.0,0,0,12.0,2.0,0,1
653457b4bd04681c,,1,CONVERTED,2018-09-04 03:16:19,2018-09-18 03:16:19,14.0,888def727e740533,999.0,999.0,999.0,999.0,0,0,0,0,0,0,0,0,0,0,0,0,0,,0.0,0.0,0,0,0,0,0,0,0,0,0,0,0,0,0,0,0,0,0,0,0,0,0,0,0,0,0,0,7,0,0,0.0,0,1,3.0,2.0,0,0
82e7019271a3b163,,0,CHURNED,2018-08-29 13:38:23,2018-09-26 14:00:00,28.0,dd04210287e4af95,999.0,999.0,999.0,999.0,0,0,0,0,0,0,0,0,0,0,0,0,0,,0.0,0.0,0,0,0,0,0,0,0,0,0,0,0,0,0,0,0,0,0,0,0,0,0,0,0,0,0,0,63,0,0,0.0,0,0,13.0,3.0,0,1
887a80be65b1aedb,,1,CONVERTED,2018-08-01 19:41:24,2018-08-15 19:41:24,14.0,a5f75406775fc1eb,999.0,999.0,999.0,999.0,0,0,0,0,0,0,0,0,0,0,0,0,0,,0.0,0.0,0,0,0,0,0,0,0,0,0,0,0,0,0,0,0,0,0,0,0,0,0,0,0,0,0,0,47,0,0,0.0,0,0,19.0,3.0,0,0
f263e869d5d8fb31,,0,CHURNED,2018-07-01 16:05:17,2018-07-15 16:05:17,14.0,ed0a936eabeb124d,999.0,999.0,999.0,999.0,0,0,0,0,0,0,0,0,0,0,0,0,0,,0.0,0.0,0,0,0,0,0,0,0,0,0,0,0,0,0,0,0,0,0,0,0,0,0,0,0,0,0,0,9,0,0,0.0,0,0,16.0,0.0,1,1
0706f24c38ce5412,8a66430f2a6df43f,1,CONVERTED,2018-05-18 14:29:57,2018-06-01 14:29:57,14.0,729841ca7678fc75,999.0,999.0,999.0,999.0,0,0,0,0,0,0,0,0,0,0,0,0,0,,0.0,0.0,0,0,0,0,0,0,0,0,0,0,0,0,0,0,0,0,0,0,0,0,0,0,0,0,0,0,9,0,0,0.0,0,0,14.0,5.0,0,1
dce5af4c5c3998fb,,1,CONVERTED,2018-05-12 02:26:21,2018-05-26 02:26:20,13.0,7366a775d3fbd444,999.0,999.0,999.0,999.0,0,0,0,0,0,0,0,0,0,0,0,0,0,,0.0,0.0,0,0,0,0,0,0,0,0,0,0,0,0,0,0,0,0,0,0,0,0,0,0,0,0,0,0,26,0,0,0.0,0,0,2.0,6.0,1,0
2f90df9d1bae4040,,1,CONVERTED,2018-04-24 21:35:22,2018-05-08 21:35:22,14.0,5f1c079c2a8e6198,999.0,999.0,999.0,999.0,0,0,0,0,0,0,0,0,0,0,0,0,0,,0.0,0.0,0,0,0,0,0,0,0,0,0,0,0,0,0,0,0,0,0,0,0,0,0,0,0,0,0,0,9,0,0,0.0,0,0,21.0,2.0,0,0
7ec705ee638e5f8b,,1,CONVERTED,2018-03-09 18:35:42,2018-03-23 18:35:42,14.0,0ddc218b24d2ec0e,999.0,999.0,999.0,999.0,0,0,0,0,0,0,0,0,0,0,0,0,0,,0.0,0.0,0,0,0,0,0,0,0,0,0,0,0,0,0,0,0,0,0,0,0,0,0,0,0,0,0,0,7,0,0,0.0,0,0,18.0,5.0,0,0
47d74e3284fa03fa,,1,CONVERTED,2018-03-05 11:25:12,2018-03-19 11:25:12,14.0,f90a9a41d205c0c8,999.0,999.0,999.0,999.0,0,0,0,0,0,0,0,0,0,0,0,0,0,,0.0,0.0,0,0,0,0,0,0,0,0,0,0,0,0,0,0,0,0,0,0,0,0,0,0,0,0,0,0,164,0,0,0.0,0,0,11.0,1.0,0,1
f35769fee5e4815d,,1,CONVERTED,2018-03-02 22:49:41,2018-03-09 22:49:41,7.0,c56f866dbd754436,999.0,999.0,999.0,999.0,0,0,0,0,0,0,0,0,0,0,0,0,0,,0.0,0.0,0,0,0,0,0,0,0,0,0,0,0,0,0,0,0,0,0,0,0,0,0,0,0,0,0,0,46,0,0,0.0,0,1,22.0,5.0,0,0
95f1f63ddaf4341c,,1,CONVERTED,2018-03-02 22:49:16,2018-03-09 22:49:16,7.0,3ab80c5aff3a5ea0,999.0,999.0,999.0,999.0,0,0,0,0,0,0,0,0,0,0,0,0,0,,0.0,0.0,0,0,0,0,0,0,0,0,0,0,0,0,0,0,0,0,0,0,0,0,0,0,0,0,0,0,3,0,0,0.0,0,0,22.0,5.0,0,0
0da2c55a82fcd082,,0,CHURNED,2018-03-02 22:49:12,2018-03-09 22:49:12,7.0,25b18f1cb018a724,999.0,999.0,999.0,999.0,0,0,0,0,0,0,0,0,0,0,0,0,0,,0.0,0.0,0,0,0,0,0,0,0,0,0,0,0,0,0,0,0,0,0,0,0,0,0,0,0,0,0,0,4,0,0,0.0,0,0,22.0,5.0,0,0
0e950e7c39879d60,,0,CHURNED,2018-03-02 22:49:06,2018-03-09 22:49:06,7.0,c4518ae1b365dcae,999.0,999.0,999.0,999.0,0,0,0,0,0,0,0,0,0,0,0,0,0,,0.0,0.0,0,0,0,0,0,0,0,0,0,0,0,0,0,0,0,0,0,0,0,0,0,0,0,0,0,0,46,0,0,0.0,0,0,22.0,5.0,0,0
b7a89acc200d4afe,,1,CONVERTED,2018-03-02 22:48:06,2018-03-09 22:48:06,7.0,cf4ba2d40861a35d,999.0,999.0,999.0,999.0,0,0,0,0,0,0,0,0,0,0,0,0,0,,0.0,0.0,0,0,0,0,0,0,0,0,0,0,0,0,0,0,0,0,0,0,0,0,0,0,0,0,0,0,3,0,0,0.0,0,0,22.0,5.0,0,0
784955648d06caba,,1,CONVERTED,2018-03-02 22:47:38,2018-03-09 22:47:38,7.0,efa8658f9e0520bd,999.0,999.0,999.0,999.0,0,0,0,0,0,0,0,0,0,0,0,0,0,,0.0,0.0,0,0,0,0,0,0,0,0,0,0,0,0,0,0,0,0,0,0,0,0,0,0,0,0,0,0,276,0,0,0.0,0,0,22.0,5.0,0,0
ceb0416ed77626d6,,1,CONVERTED,2018-03-02 22:46:42,2018-03-09 22:46:42,7.0,073f8658f6794720,999.0,999.0,999.0,999.0,0,0,0,0,0,0,0,0,0,0,0,0,0,,0.0,0.0,0,0,0,0,0,0,0,0,0,0,0,0,0,0,0,0,0,0,0,0,0,0,0,0,0,0,1,0,0,0.0,0,0,22.0,5.0,0,0
c8b90ab14ecd68a0,,0,CHURNED,2018-03-02 22:46:35,2018-03-14 22:46:35,12.0,247853ec41913be3,999.0,999.0,999.0,999.0,0,0,0,0,0,0,0,0,0,0,0,0,0,,0.0,0.0,0,0,0,0,0,0,0,0,0,0,0,0,0,0,0,0,0,0,0,0,0,0,0,0,0,0,7,0,0,0.0,0,0,22.0,5.0,0,0
0e41c428ae8eb425,,1,CONVERTED,2018-03-02 22:45:29,2018-03-09 22:45:29,7.0,f709fc5f8a01f3fe,999.0,999.0,999.0,999.0,0,0,0,0,0,0,0,0,0,0,0,0,0,,0.0,0.0,0,0,0,0,0,0,0,0,0,0,0,0,0,0,0,0,0,0,0,0,0,0,0,0,0,0,11,0,0,0.0,0,0,22.0,5.0,0,0
